client_id	path	sentence	up_votes	down_votes	age	gender	accents	variant	locale	segment
9698b39cb85f238f1346eea2dba721e4e8fb440bd4d14b632aef84108f02f47d028463a7076a9eb0333b72fab260a9357f045de63eaaa3c7374ce6a692e081ba	common_voice_sat_29792141.mp3	ᱩᱱᱤᱭᱟᱜ ᱧᱩᱛᱩᱢ ᱫᱚ ᱠᱮᱢᱚᱱᱴᱮᱲ ᱠᱟᱱᱟ᱾	4	0			Western Odisha, India		sat	
9698b39cb85f238f1346eea2dba721e4e8fb440bd4d14b632aef84108f02f47d028463a7076a9eb0333b72fab260a9357f045de63eaaa3c7374ce6a692e081ba	common_voice_sat_29792142.mp3	ᱩᱱᱤᱭᱟᱜ ᱧᱩᱛᱩᱢ ᱫᱚ ᱠᱮᱭᱴᱮᱱ ᱠᱟᱱᱟ᱾	4	0			Western Odisha, India		sat	
9698b39cb85f238f1346eea2dba721e4e8fb440bd4d14b632aef84108f02f47d028463a7076a9eb0333b72fab260a9357f045de63eaaa3c7374ce6a692e081ba	common_voice_sat_29792143.mp3	ᱯᱟᱹᱭᱤᱯ ᱠᱚ ᱨᱮᱭᱟᱜ ᱠᱟᱹᱢᱤ ᱠᱷᱟᱹᱛᱤᱨ ᱛᱮ ᱰᱟᱦᱟᱨ ᱫᱚ ᱠᱚ ᱵᱚᱸᱫ ᱛᱷᱟᱲ ᱠᱟᱫᱼᱟ ᱾	4	0			Western Odisha, India		sat	
9698b39cb85f238f1346eea2dba721e4e8fb440bd4d14b632aef84108f02f47d028463a7076a9eb0333b72fab260a9357f045de63eaaa3c7374ce6a692e081ba	common_voice_sat_29792144.mp3	ᱩᱱᱤᱭᱟᱜ ᱧᱩᱛᱩᱢ ᱫᱚ ᱠᱮᱭᱟᱰᱭᱤᱱ ᱠᱟᱱᱟ᱾	4	0			Western Odisha, India		sat	
9698b39cb85f238f1346eea2dba721e4e8fb440bd4d14b632aef84108f02f47d028463a7076a9eb0333b72fab260a9357f045de63eaaa3c7374ce6a692e081ba	common_voice_sat_29792145.mp3	ᱩᱱᱤᱭᱟᱜ ᱧᱩᱛᱩᱢ ᱫᱚ ᱠᱮᱣᱱᱴᱮ ᱠᱟᱱᱟ᱾	4	0			Western Odisha, India		sat	
9698b39cb85f238f1346eea2dba721e4e8fb440bd4d14b632aef84108f02f47d028463a7076a9eb0333b72fab260a9357f045de63eaaa3c7374ce6a692e081ba	common_voice_sat_29792204.mp3	ᱩᱱᱤᱭᱟᱜ ᱧᱩᱛᱩᱢ ᱫᱚ ᱠᱮᱥᱦᱩᱱᱟ ᱠᱟᱱᱟ᱾	6	0			Western Odisha, India		sat	
9698b39cb85f238f1346eea2dba721e4e8fb440bd4d14b632aef84108f02f47d028463a7076a9eb0333b72fab260a9357f045de63eaaa3c7374ce6a692e081ba	common_voice_sat_29792205.mp3	ᱤᱧᱟᱜ ᱠᱷᱟᱛᱟ ᱨᱮ ᱯᱮ ᱜᱮᱞ ᱴᱟᱠᱟ ᱢᱮᱱᱟᱜᱼᱟ᱾	4	0			Western Odisha, India		sat	
9698b39cb85f238f1346eea2dba721e4e8fb440bd4d14b632aef84108f02f47d028463a7076a9eb0333b72fab260a9357f045de63eaaa3c7374ce6a692e081ba	common_voice_sat_29792206.mp3	ᱤᱧ ᱴᱷᱮᱱ ᱢᱤᱫᱥᱟᱭ ᱢᱤᱫ ᱴᱟᱠᱟ ᱢᱮᱱᱟᱜᱼᱟ᱾	4	0			Western Odisha, India		sat	
9698b39cb85f238f1346eea2dba721e4e8fb440bd4d14b632aef84108f02f47d028463a7076a9eb0333b72fab260a9357f045de63eaaa3c7374ce6a692e081ba	common_voice_sat_29792209.mp3	ᱩᱱᱤᱭᱟᱜ ᱧᱩᱛᱩᱢ ᱫᱚ ᱠᱤᱭᱞᱟᱦ ᱠᱟᱱᱟ᱾	4	0			Western Odisha, India		sat	
9698b39cb85f238f1346eea2dba721e4e8fb440bd4d14b632aef84108f02f47d028463a7076a9eb0333b72fab260a9357f045de63eaaa3c7374ce6a692e081ba	common_voice_sat_29792211.mp3	ᱥᱮᱸᱫᱽᱨᱟ ᱯᱟᱹᱨᱥᱤ	4	0			Western Odisha, India		sat	
9698b39cb85f238f1346eea2dba721e4e8fb440bd4d14b632aef84108f02f47d028463a7076a9eb0333b72fab260a9357f045de63eaaa3c7374ce6a692e081ba	common_voice_sat_29792269.mp3	ᱩᱱᱤᱭᱟᱜ ᱧᱩᱛᱩᱢ ᱫᱚ ᱠᱤᱰᱮᱱ ᱠᱟᱱᱟ᱾	4	0			Western Odisha, India		sat	
9698b39cb85f238f1346eea2dba721e4e8fb440bd4d14b632aef84108f02f47d028463a7076a9eb0333b72fab260a9357f045de63eaaa3c7374ce6a692e081ba	common_voice_sat_29792270.mp3	ᱩᱱᱤᱭᱟᱜ ᱧᱩᱛᱩᱢ ᱫᱚ ᱠᱮᱢᱟᱨᱤᱭᱟ ᱠᱟᱱᱟ᱾	2	0			Western Odisha, India		sat	
9698b39cb85f238f1346eea2dba721e4e8fb440bd4d14b632aef84108f02f47d028463a7076a9eb0333b72fab260a9357f045de63eaaa3c7374ce6a692e081ba	common_voice_sat_29792271.mp3	ᱩᱱᱤᱭᱟᱜ ᱧᱩᱛᱩᱢ ᱫᱚ ᱠᱞᱟᱹᱭᱤᱱᱮ ᱠᱟᱱᱟ᱾	4	0			Western Odisha, India		sat	
9698b39cb85f238f1346eea2dba721e4e8fb440bd4d14b632aef84108f02f47d028463a7076a9eb0333b72fab260a9357f045de63eaaa3c7374ce6a692e081ba	common_voice_sat_29792272.mp3	ᱠᱤᱥᱟᱹᱬ ᱫᱤᱥᱚᱢ ᱠᱷᱚᱱ ᱟᱫᱷᱟᱜ ᱦᱩᱭ ᱫᱟᱲᱮᱭᱟᱜ-ᱟ ᱾	2	0			Western Odisha, India		sat	
9698b39cb85f238f1346eea2dba721e4e8fb440bd4d14b632aef84108f02f47d028463a7076a9eb0333b72fab260a9357f045de63eaaa3c7374ce6a692e081ba	common_voice_sat_29792273.mp3	ᱤᱧᱟᱜ ᱧᱩᱛᱩᱢ ᱫᱚ ᱪᱮᱫ ᱠᱟᱱᱟ?	4	0			Western Odisha, India		sat	
9698b39cb85f238f1346eea2dba721e4e8fb440bd4d14b632aef84108f02f47d028463a7076a9eb0333b72fab260a9357f045de63eaaa3c7374ce6a692e081ba	common_voice_sat_29800893.mp3	ᱟᱡ ᱵᱟᱵᱟ ᱛᱩᱨᱩᱭ ᱜᱮᱞ ᱴᱟᱠᱟ ᱮᱢᱟ ᱫᱮᱭᱟᱭ᱾	2	0	twenties	male	Western Odisha, India		sat	
9698b39cb85f238f1346eea2dba721e4e8fb440bd4d14b632aef84108f02f47d028463a7076a9eb0333b72fab260a9357f045de63eaaa3c7374ce6a692e081ba	common_voice_sat_29800896.mp3	ᱩᱱᱤᱭᱟᱜ ᱧᱩᱛᱩᱢ ᱫᱚ ᱠᱮᱞᱶᱭ ᱠᱟᱱᱟ᱾	2	0	twenties	male	Western Odisha, India		sat	
9698b39cb85f238f1346eea2dba721e4e8fb440bd4d14b632aef84108f02f47d028463a7076a9eb0333b72fab260a9357f045de63eaaa3c7374ce6a692e081ba	common_voice_sat_29800903.mp3	ᱩᱱᱤᱭᱟᱜ ᱧᱩᱛᱩᱢ ᱫᱚ ᱠᱟᱭᱞᱟᱼᱞᱤᱞᱟᱹᱭ ᱠᱟᱱᱟ᱾	4	0	twenties	male	Western Odisha, India		sat	
9698b39cb85f238f1346eea2dba721e4e8fb440bd4d14b632aef84108f02f47d028463a7076a9eb0333b72fab260a9357f045de63eaaa3c7374ce6a692e081ba	common_voice_sat_29800906.mp3	ᱩᱱᱤᱭᱟᱜ ᱧᱩᱛᱩᱢ ᱫᱚ ᱠᱮᱣᱱᱰᱨᱮᱭᱟ ᱠᱟᱱᱟ᱾	4	0	twenties	male	Western Odisha, India		sat	
9698b39cb85f238f1346eea2dba721e4e8fb440bd4d14b632aef84108f02f47d028463a7076a9eb0333b72fab260a9357f045de63eaaa3c7374ce6a692e081ba	common_voice_sat_29800907.mp3	ᱩᱱᱤᱭᱟᱜ ᱧᱩᱛᱩᱢ ᱫᱚ ᱠᱟᱭᱡᱟᱦ ᱠᱟᱱᱟ᱾	4	2	twenties	male	Western Odisha, India		sat	
9698b39cb85f238f1346eea2dba721e4e8fb440bd4d14b632aef84108f02f47d028463a7076a9eb0333b72fab260a9357f045de63eaaa3c7374ce6a692e081ba	common_voice_sat_29800940.mp3	ᱩᱱᱤᱭᱟᱜ ᱧᱩᱛᱩᱢ ᱫᱚ ᱠᱟᱭᱥᱮᱭ ᱠᱟᱱᱟ᱾	4	0	twenties	male	Western Odisha, India		sat	
9698b39cb85f238f1346eea2dba721e4e8fb440bd4d14b632aef84108f02f47d028463a7076a9eb0333b72fab260a9357f045de63eaaa3c7374ce6a692e081ba	common_voice_sat_29800941.mp3	ᱟᱡ ᱵᱟᱵᱟ ᱢᱤᱫᱥᱟᱭ ᱮᱭᱟᱭᱜᱮᱞ ᱟᱨᱮ ᱴᱟᱠᱟ ᱮᱢᱟ ᱫᱮᱭᱟᱭ᱾	4	0	twenties	male	Western Odisha, India		sat	
9698b39cb85f238f1346eea2dba721e4e8fb440bd4d14b632aef84108f02f47d028463a7076a9eb0333b72fab260a9357f045de63eaaa3c7374ce6a692e081ba	common_voice_sat_29800942.mp3	ᱩᱱᱤᱭᱟᱜ ᱧᱩᱛᱩᱢ ᱫᱚ ᱠᱮᱭᱥᱪᱷᱟ ᱠᱟᱱᱟ᱾	4	0	twenties	male	Western Odisha, India		sat	
9698b39cb85f238f1346eea2dba721e4e8fb440bd4d14b632aef84108f02f47d028463a7076a9eb0333b72fab260a9357f045de63eaaa3c7374ce6a692e081ba	common_voice_sat_29800943.mp3	ᱩᱱᱤᱭᱟᱜ ᱧᱩᱛᱩᱢ ᱫᱚ ᱠᱷᱤᱱᱜ ᱠᱟᱱᱟ᱾	4	0	twenties	male	Western Odisha, India		sat	
9698b39cb85f238f1346eea2dba721e4e8fb440bd4d14b632aef84108f02f47d028463a7076a9eb0333b72fab260a9357f045de63eaaa3c7374ce6a692e081ba	common_voice_sat_29800944.mp3	ᱩᱱᱤᱭᱟᱜ ᱧᱩᱛᱩᱢ ᱫᱚ ᱠᱷᱟᱞᱤᱞᱟ ᱠᱟᱱᱟ᱾	2	0	twenties	male	Western Odisha, India		sat	
9698b39cb85f238f1346eea2dba721e4e8fb440bd4d14b632aef84108f02f47d028463a7076a9eb0333b72fab260a9357f045de63eaaa3c7374ce6a692e081ba	common_voice_sat_29800975.mp3	ᱩᱱᱤᱭᱟᱜ ᱧᱩᱛᱩᱢ ᱫᱚ ᱠᱤᱣᱮᱥ ᱠᱟᱱᱟ᱾	4	0	twenties	male	Western Odisha, India		sat	
9698b39cb85f238f1346eea2dba721e4e8fb440bd4d14b632aef84108f02f47d028463a7076a9eb0333b72fab260a9357f045de63eaaa3c7374ce6a692e081ba	common_voice_sat_29800976.mp3	ᱩᱱᱤᱭᱟᱜ ᱧᱩᱛᱩᱢ ᱫᱚ ᱠᱤᱥᱦᱟᱱᱤ ᱠᱟᱱᱟ᱾	4	0	twenties	male	Western Odisha, India		sat	
9698b39cb85f238f1346eea2dba721e4e8fb440bd4d14b632aef84108f02f47d028463a7076a9eb0333b72fab260a9357f045de63eaaa3c7374ce6a692e081ba	common_voice_sat_29800977.mp3	ᱩᱱᱤᱭᱟᱜ ᱧᱩᱛᱩᱢ ᱫᱚ ᱠᱮᱞᱶᱮᱱ ᱠᱟᱱᱟ᱾	4	0	twenties	male	Western Odisha, India		sat	
9698b39cb85f238f1346eea2dba721e4e8fb440bd4d14b632aef84108f02f47d028463a7076a9eb0333b72fab260a9357f045de63eaaa3c7374ce6a692e081ba	common_voice_sat_29800978.mp3	ᱩᱱᱤᱭᱟᱜ ᱧᱩᱛᱩᱢ ᱫᱚ ᱠᱮᱭᱤᱱᱭᱟ ᱠᱟᱱᱟ᱾	4	0	twenties	male	Western Odisha, India		sat	
9698b39cb85f238f1346eea2dba721e4e8fb440bd4d14b632aef84108f02f47d028463a7076a9eb0333b72fab260a9357f045de63eaaa3c7374ce6a692e081ba	common_voice_sat_29800979.mp3	ᱩᱱᱤᱭᱟᱜ ᱧᱩᱛᱩᱢ ᱫᱚ ᱠᱤᱭᱚᱦᱟᱨᱟ ᱠᱟᱱᱟ᱾	4	0	twenties	male	Western Odisha, India		sat	
9698b39cb85f238f1346eea2dba721e4e8fb440bd4d14b632aef84108f02f47d028463a7076a9eb0333b72fab260a9357f045de63eaaa3c7374ce6a692e081ba	common_voice_sat_29801501.mp3	ᱩᱱᱤᱭᱟᱜ ᱧᱩᱛᱩᱢ ᱫᱚ ᱠᱤᱨᱭᱟᱠ ᱠᱟᱱᱟ᱾	4	0	twenties	male	Western Odisha, India		sat	
9698b39cb85f238f1346eea2dba721e4e8fb440bd4d14b632aef84108f02f47d028463a7076a9eb0333b72fab260a9357f045de63eaaa3c7374ce6a692e081ba	common_voice_sat_29801503.mp3	ᱩᱱᱤᱭᱟᱜ ᱧᱩᱛᱩᱢ ᱫᱚ ᱠᱮᱜᱚᱱ ᱠᱟᱱᱟ᱾	4	0	twenties	male	Western Odisha, India		sat	
9698b39cb85f238f1346eea2dba721e4e8fb440bd4d14b632aef84108f02f47d028463a7076a9eb0333b72fab260a9357f045de63eaaa3c7374ce6a692e081ba	common_voice_sat_29801504.mp3	ᱩᱱᱤᱭᱟᱜ ᱧᱩᱛᱩᱢ ᱫᱚ ᱠᱞᱤᱣᱮᱨ ᱠᱟᱱᱟ᱾	2	0	twenties	male	Western Odisha, India		sat	
9698b39cb85f238f1346eea2dba721e4e8fb440bd4d14b632aef84108f02f47d028463a7076a9eb0333b72fab260a9357f045de63eaaa3c7374ce6a692e081ba	common_voice_sat_29801505.mp3	ᱩᱱᱤᱭᱟᱜ ᱧᱩᱛᱩᱢ ᱫᱚ ᱠᱤᱥᱦᱟᱱ ᱠᱟᱱᱟ᱾	4	0	twenties	male	Western Odisha, India		sat	
9698b39cb85f238f1346eea2dba721e4e8fb440bd4d14b632aef84108f02f47d028463a7076a9eb0333b72fab260a9357f045de63eaaa3c7374ce6a692e081ba	common_voice_sat_29801506.mp3	ᱩᱱᱤᱭᱟᱜ ᱧᱩᱛᱩᱢ ᱫᱚ ᱠᱮᱭᱟᱨᱟᱱ ᱠᱟᱱᱟ᱾	4	0	twenties	male	Western Odisha, India		sat	
9698b39cb85f238f1346eea2dba721e4e8fb440bd4d14b632aef84108f02f47d028463a7076a9eb0333b72fab260a9357f045de63eaaa3c7374ce6a692e081ba	common_voice_sat_29836444.mp3	ᱩᱱᱤᱭᱟᱜ ᱧᱩᱛᱩᱢ ᱫᱚ ᱠᱤᱣᱮᱞᱮᱨ ᱠᱟᱱᱟ᱾	2	0	twenties	male	Western Odisha, India		sat	
9698b39cb85f238f1346eea2dba721e4e8fb440bd4d14b632aef84108f02f47d028463a7076a9eb0333b72fab260a9357f045de63eaaa3c7374ce6a692e081ba	common_voice_sat_29836445.mp3	ᱩᱱᱤᱭᱟᱜ ᱧᱩᱛᱩᱢ ᱫᱚ ᱠᱟᱭᱞᱩᱵ ᱠᱟᱱᱟ᱾	4	0	twenties	male	Western Odisha, India		sat	
9698b39cb85f238f1346eea2dba721e4e8fb440bd4d14b632aef84108f02f47d028463a7076a9eb0333b72fab260a9357f045de63eaaa3c7374ce6a692e081ba	common_voice_sat_29836449.mp3	ᱤᱧᱟᱜ ᱵᱚᱦᱚᱜ ᱨᱮ ᱢᱤᱫᱥᱟᱭ ᱯᱮ ᱜᱚᱴᱟᱝ ᱩᱵ ᱢᱮᱱᱟᱜᱼᱟ᱾	2	0	twenties	male	Western Odisha, India		sat	
9698b39cb85f238f1346eea2dba721e4e8fb440bd4d14b632aef84108f02f47d028463a7076a9eb0333b72fab260a9357f045de63eaaa3c7374ce6a692e081ba	common_voice_sat_29836450.mp3	ᱩᱱᱤᱭᱟᱜ ᱧᱩᱛᱩᱢ ᱫᱚ ᱠᱟᱡᱮᱨᱥᱴᱤ ᱠᱟᱱᱟ᱾	4	2	twenties	male	Western Odisha, India		sat	
9698b39cb85f238f1346eea2dba721e4e8fb440bd4d14b632aef84108f02f47d028463a7076a9eb0333b72fab260a9357f045de63eaaa3c7374ce6a692e081ba	common_voice_sat_29836453.mp3	ᱤᱧᱟᱜ ᱠᱷᱟᱛᱟ ᱨᱮ ᱢᱤᱫᱥᱟᱭ ᱢᱤᱫᱜᱮᱞ ᱤᱨᱟᱹᱞ ᱴᱟᱠᱟ ᱢᱮᱱᱟᱜᱼᱟ᱾	4	0	twenties	male	Western Odisha, India		sat	
9698b39cb85f238f1346eea2dba721e4e8fb440bd4d14b632aef84108f02f47d028463a7076a9eb0333b72fab260a9357f045de63eaaa3c7374ce6a692e081ba	common_voice_sat_29836521.mp3	ᱤᱧ ᱴᱷᱮᱱ ᱢᱤᱫᱥᱟᱭ ᱢᱤᱫᱜᱮᱞ ᱛᱩᱨᱩᱭ ᱴᱟᱠᱟ ᱢᱮᱱᱟᱜᱼᱟ᱾	4	0	twenties	male	Western Odisha, India		sat	
9698b39cb85f238f1346eea2dba721e4e8fb440bd4d14b632aef84108f02f47d028463a7076a9eb0333b72fab260a9357f045de63eaaa3c7374ce6a692e081ba	common_voice_sat_29836525.mp3	ᱩᱱᱤᱭᱟᱜ ᱧᱩᱛᱩᱢ ᱫᱚ ᱠᱤᱞᱤᱱᱜᱮᱥᱣᱚᱨᱴᱷ ᱠᱟᱱᱟ᱾	4	0	twenties	male	Western Odisha, India		sat	
9698b39cb85f238f1346eea2dba721e4e8fb440bd4d14b632aef84108f02f47d028463a7076a9eb0333b72fab260a9357f045de63eaaa3c7374ce6a692e081ba	common_voice_sat_29836527.mp3	ᱩᱱᱤᱭᱟᱜ ᱧᱩᱛᱩᱢ ᱫᱚ ᱠᱷᱟᱵᱟᱴ ᱠᱟᱱᱟ᱾	2	0	twenties	male	Western Odisha, India		sat	
9698b39cb85f238f1346eea2dba721e4e8fb440bd4d14b632aef84108f02f47d028463a7076a9eb0333b72fab260a9357f045de63eaaa3c7374ce6a692e081ba	common_voice_sat_29836531.mp3	ᱩᱱᱤᱭᱟᱜ ᱧᱩᱛᱩᱢ ᱫᱚ ᱠᱤᱞᱤᱣᱮ ᱠᱟᱱᱟ᱾	4	0	twenties	male	Western Odisha, India		sat	
9698b39cb85f238f1346eea2dba721e4e8fb440bd4d14b632aef84108f02f47d028463a7076a9eb0333b72fab260a9357f045de63eaaa3c7374ce6a692e081ba	common_voice_sat_29836534.mp3	ᱤᱧᱟᱜ ᱠᱷᱟᱛᱟ ᱨᱮ ᱢᱤᱫᱥᱟᱭ ᱟᱨᱮ ᱜᱮᱞ ᱤᱨᱟᱹᱞ ᱴᱟᱠᱟ ᱢᱮᱱᱟᱜᱼᱟ᱾	4	0	twenties	male	Western Odisha, India		sat	
9698b39cb85f238f1346eea2dba721e4e8fb440bd4d14b632aef84108f02f47d028463a7076a9eb0333b72fab260a9357f045de63eaaa3c7374ce6a692e081ba	common_voice_sat_29836814.mp3	ᱩᱱᱤᱭᱟᱜ ᱧᱩᱛᱩᱢ ᱫᱚ ᱠᱮᱱᱭᱪᱮ ᱠᱟᱱᱟ᱾	4	0	twenties	male	Western Odisha, India		sat	
9698b39cb85f238f1346eea2dba721e4e8fb440bd4d14b632aef84108f02f47d028463a7076a9eb0333b72fab260a9357f045de63eaaa3c7374ce6a692e081ba	common_voice_sat_29836815.mp3	ᱩᱱᱤᱭᱟᱜ ᱧᱩᱛᱩᱢ ᱫᱚ ᱠᱮᱭᱨᱟᱞᱮ ᱠᱟᱱᱟ᱾	4	0	twenties	male	Western Odisha, India		sat	
9698b39cb85f238f1346eea2dba721e4e8fb440bd4d14b632aef84108f02f47d028463a7076a9eb0333b72fab260a9357f045de63eaaa3c7374ce6a692e081ba	common_voice_sat_29836817.mp3	ᱩᱱᱤᱭᱟᱜ ᱧᱩᱛᱩᱢ ᱫᱚ ᱠᱮᱭᱚᱱᱤ ᱠᱟᱱᱟ᱾	4	0	twenties	male	Western Odisha, India		sat	
9698b39cb85f238f1346eea2dba721e4e8fb440bd4d14b632aef84108f02f47d028463a7076a9eb0333b72fab260a9357f045de63eaaa3c7374ce6a692e081ba	common_voice_sat_29836818.mp3	ᱩᱱᱤᱭᱟᱜ ᱧᱩᱛᱩᱢ ᱫᱚ ᱠᱮᱱᱲᱞᱤᱣᱮ ᱠᱟᱱᱟ᱾	4	0	twenties	male	Western Odisha, India		sat	
9698b39cb85f238f1346eea2dba721e4e8fb440bd4d14b632aef84108f02f47d028463a7076a9eb0333b72fab260a9357f045de63eaaa3c7374ce6a692e081ba	common_voice_sat_29836820.mp3	ᱩᱱᱤᱭᱟᱜ ᱧᱩᱛᱩᱢ ᱫᱚ ᱠᱤᱣᱮᱞᱮᱭᱜᱷ ᱠᱟᱱᱟ᱾	4	0	twenties	male	Western Odisha, India		sat	
9698b39cb85f238f1346eea2dba721e4e8fb440bd4d14b632aef84108f02f47d028463a7076a9eb0333b72fab260a9357f045de63eaaa3c7374ce6a692e081ba	common_voice_sat_29836865.mp3	ᱩᱱᱤᱭᱟᱜ ᱧᱩᱛᱩᱢ ᱫᱚ ᱠᱮᱞᱥᱤᱼᱞᱮᱭᱜᱷ ᱠᱟᱱᱟ᱾	4	0	twenties	male	Western Odisha, India		sat	
9698b39cb85f238f1346eea2dba721e4e8fb440bd4d14b632aef84108f02f47d028463a7076a9eb0333b72fab260a9357f045de63eaaa3c7374ce6a692e081ba	common_voice_sat_29836869.mp3	ᱩᱱᱤᱭᱟᱜ ᱧᱩᱛᱩᱢ ᱫᱚ ᱠᱮᱱᱲᱤᱣᱮᱼᱞᱮ ᱠᱟᱱᱟ᱾	4	0	twenties	male	Western Odisha, India		sat	
9698b39cb85f238f1346eea2dba721e4e8fb440bd4d14b632aef84108f02f47d028463a7076a9eb0333b72fab260a9357f045de63eaaa3c7374ce6a692e081ba	common_voice_sat_29836875.mp3	ᱤᱧᱟᱜ ᱵᱚᱦᱚᱜ ᱨᱮ ᱟᱨᱮ ᱜᱮᱞ ᱤᱨᱟᱹᱞ ᱜᱚᱴᱟᱝ ᱩᱵ ᱢᱮᱱᱟᱜᱼᱟ᱾	4	0	twenties	male	Western Odisha, India		sat	
9698b39cb85f238f1346eea2dba721e4e8fb440bd4d14b632aef84108f02f47d028463a7076a9eb0333b72fab260a9357f045de63eaaa3c7374ce6a692e081ba	common_voice_sat_29836881.mp3	ᱩᱱᱤᱭᱟᱜ ᱧᱩᱛᱩᱢ ᱫᱚ ᱠᱮᱰᱣᱤᱱ ᱠᱟᱱᱟ᱾	4	0	twenties	male	Western Odisha, India		sat	
9698b39cb85f238f1346eea2dba721e4e8fb440bd4d14b632aef84108f02f47d028463a7076a9eb0333b72fab260a9357f045de63eaaa3c7374ce6a692e081ba	common_voice_sat_29836883.mp3	ᱩᱱᱤᱭᱟᱜ ᱧᱩᱛᱩᱢ ᱫᱚ ᱠᱮᱭᱟᱨᱥᱴᱟᱱ ᱠᱟᱱᱟ᱾	2	0	twenties	male	Western Odisha, India		sat	
9698b39cb85f238f1346eea2dba721e4e8fb440bd4d14b632aef84108f02f47d028463a7076a9eb0333b72fab260a9357f045de63eaaa3c7374ce6a692e081ba	common_voice_sat_29854462.mp3	ᱩᱱᱤᱭᱟᱜ ᱧᱩᱛᱩᱢ ᱫᱚ ᱠᱤᱴᱮᱞ ᱠᱟᱱᱟ᱾	4	0	twenties	male	Western Odisha, India		sat	
9698b39cb85f238f1346eea2dba721e4e8fb440bd4d14b632aef84108f02f47d028463a7076a9eb0333b72fab260a9357f045de63eaaa3c7374ce6a692e081ba	common_voice_sat_29854468.mp3	ᱩᱱᱤᱭᱟᱜ ᱧᱩᱛᱩᱢ ᱫᱚ ᱠᱷᱟᱭᱟᱢ ᱠᱟᱱᱟ᱾	4	0	twenties	male	Western Odisha, India		sat	
9698b39cb85f238f1346eea2dba721e4e8fb440bd4d14b632aef84108f02f47d028463a7076a9eb0333b72fab260a9357f045de63eaaa3c7374ce6a692e081ba	common_voice_sat_29854476.mp3	ᱩᱱᱤᱭᱟᱜ ᱧᱩᱛᱩᱢ ᱫᱚ ᱠᱤᱱᱞᱟᱹᱭᱤᱱ ᱠᱟᱱᱟ᱾	4	0	twenties	male	Western Odisha, India		sat	
9698b39cb85f238f1346eea2dba721e4e8fb440bd4d14b632aef84108f02f47d028463a7076a9eb0333b72fab260a9357f045de63eaaa3c7374ce6a692e081ba	common_voice_sat_29854481.mp3	ᱣᱤᱰᱤᱭᱚ	4	0	twenties	male	Western Odisha, India		sat	
9698b39cb85f238f1346eea2dba721e4e8fb440bd4d14b632aef84108f02f47d028463a7076a9eb0333b72fab260a9357f045de63eaaa3c7374ce6a692e081ba	common_voice_sat_29854482.mp3	ᱩᱱᱤᱭᱟᱜ ᱧᱩᱛᱩᱢ ᱫᱚ ᱠᱮᱨᱮᱠ ᱠᱟᱱᱟ᱾	4	0	twenties	male	Western Odisha, India		sat	
9698b39cb85f238f1346eea2dba721e4e8fb440bd4d14b632aef84108f02f47d028463a7076a9eb0333b72fab260a9357f045de63eaaa3c7374ce6a692e081ba	common_voice_sat_29867217.mp3	ᱩᱱᱤᱭᱟᱜ ᱧᱩᱛᱩᱢ ᱫᱚ ᱠᱷᱟᱞᱟᱱᱤ ᱠᱟᱱᱟ᱾	2	0	twenties	male	Western Odisha, India		sat	
9698b39cb85f238f1346eea2dba721e4e8fb440bd4d14b632aef84108f02f47d028463a7076a9eb0333b72fab260a9357f045de63eaaa3c7374ce6a692e081ba	common_voice_sat_29867219.mp3	ᱩᱱᱤᱭᱟᱜ ᱧᱩᱛᱩᱢ ᱫᱚ ᱠᱟᱭᱞᱮᱭᱜᱷᱼᱢᱟᱭ ᱠᱟᱱᱟ᱾	4	0	twenties	male	Western Odisha, India		sat	
9698b39cb85f238f1346eea2dba721e4e8fb440bd4d14b632aef84108f02f47d028463a7076a9eb0333b72fab260a9357f045de63eaaa3c7374ce6a692e081ba	common_voice_sat_29867221.mp3	ᱩᱱᱤᱭᱟᱜ ᱧᱩᱛᱩᱢ ᱫᱚ ᱠᱤᱱᱪᱟᱰᱮ ᱠᱟᱱᱟ᱾	4	0	twenties	male	Western Odisha, India		sat	
9698b39cb85f238f1346eea2dba721e4e8fb440bd4d14b632aef84108f02f47d028463a7076a9eb0333b72fab260a9357f045de63eaaa3c7374ce6a692e081ba	common_voice_sat_29867222.mp3	ᱟᱢ ᱪᱮᱫ ᱮᱢ ᱪᱤᱠᱟᱹᱮᱫᱟᱢ?	4	0	twenties	male	Western Odisha, India		sat	
9698b39cb85f238f1346eea2dba721e4e8fb440bd4d14b632aef84108f02f47d028463a7076a9eb0333b72fab260a9357f045de63eaaa3c7374ce6a692e081ba	common_voice_sat_29867224.mp3	ᱩᱱᱤᱭᱟᱜ ᱧᱩᱛᱩᱢ ᱫᱚ ᱠᱮᱨᱢᱤᱴ ᱠᱟᱱᱟ᱾	4	2	twenties	male	Western Odisha, India		sat	
9698b39cb85f238f1346eea2dba721e4e8fb440bd4d14b632aef84108f02f47d028463a7076a9eb0333b72fab260a9357f045de63eaaa3c7374ce6a692e081ba	common_voice_sat_29867326.mp3	ᱩᱱᱤᱭᱟᱜ ᱧᱩᱛᱩᱢ ᱫᱚ ᱠᱤᱢᱵᱮᱨᱭ ᱠᱟᱱᱟ᱾	2	0	twenties	male	Western Odisha, India		sat	
9698b39cb85f238f1346eea2dba721e4e8fb440bd4d14b632aef84108f02f47d028463a7076a9eb0333b72fab260a9357f045de63eaaa3c7374ce6a692e081ba	common_voice_sat_29867327.mp3	ᱩᱱᱤᱭᱟᱜ ᱧᱩᱛᱩᱢ ᱫᱚ ᱠᱟᱭᱞᱟᱼᱟᱱ ᱠᱟᱱᱟ᱾	4	0	twenties	male	Western Odisha, India		sat	
9698b39cb85f238f1346eea2dba721e4e8fb440bd4d14b632aef84108f02f47d028463a7076a9eb0333b72fab260a9357f045de63eaaa3c7374ce6a692e081ba	common_voice_sat_29867328.mp3	ᱩᱱᱤᱭᱟᱜ ᱧᱩᱛᱩᱢ ᱫᱚ ᱠᱤᱱᱭᱟᱰᱟ ᱠᱟᱱᱟ᱾	2	0	twenties	male	Western Odisha, India		sat	
9698b39cb85f238f1346eea2dba721e4e8fb440bd4d14b632aef84108f02f47d028463a7076a9eb0333b72fab260a9357f045de63eaaa3c7374ce6a692e081ba	common_voice_sat_29867330.mp3	ᱩᱱᱤᱭᱟᱜ ᱧᱩᱛᱩᱢ ᱫᱚ ᱠᱤᱭᱟᱨᱱᱟ ᱠᱟᱱᱟ᱾	4	0	twenties	male	Western Odisha, India		sat	
9698b39cb85f238f1346eea2dba721e4e8fb440bd4d14b632aef84108f02f47d028463a7076a9eb0333b72fab260a9357f045de63eaaa3c7374ce6a692e081ba	common_voice_sat_29867331.mp3	ᱩᱱᱤᱭᱟᱜ ᱧᱩᱛᱩᱢ ᱫᱚ ᱠᱮᱱᱰᱟᱞᱟᱹᱭᱤᱱ ᱠᱟᱱᱟ᱾	2	0	twenties	male	Western Odisha, India		sat	
9698b39cb85f238f1346eea2dba721e4e8fb440bd4d14b632aef84108f02f47d028463a7076a9eb0333b72fab260a9357f045de63eaaa3c7374ce6a692e081ba	common_voice_sat_29867396.mp3	ᱩᱱᱤᱭᱟᱜ ᱧᱩᱛᱩᱢ ᱫᱚ ᱠᱤᱲᱮ ᱠᱟᱱᱟ᱾	4	0	twenties	male	Western Odisha, India		sat	
9698b39cb85f238f1346eea2dba721e4e8fb440bd4d14b632aef84108f02f47d028463a7076a9eb0333b72fab260a9357f045de63eaaa3c7374ce6a692e081ba	common_voice_sat_29867397.mp3	ᱱᱤᱛᱚᱜ ᱫᱚ ᱟᱞᱮ ᱪᱮᱫ ᱦᱚᱸ ᱵᱟᱞᱮ ᱪᱤᱠᱟᱹᱭᱮᱫᱟ	4	0	twenties	male	Western Odisha, India		sat	
9698b39cb85f238f1346eea2dba721e4e8fb440bd4d14b632aef84108f02f47d028463a7076a9eb0333b72fab260a9357f045de63eaaa3c7374ce6a692e081ba	common_voice_sat_29867398.mp3	ᱤᱧᱟᱜ ᱠᱷᱟᱛᱟ ᱨᱮ ᱟᱨᱮ ᱜᱮᱞ ᱮᱭᱟᱭ ᱴᱟᱠᱟ ᱢᱮᱱᱟᱜᱼᱟ᱾	4	0	twenties	male	Western Odisha, India		sat	
9698b39cb85f238f1346eea2dba721e4e8fb440bd4d14b632aef84108f02f47d028463a7076a9eb0333b72fab260a9357f045de63eaaa3c7374ce6a692e081ba	common_voice_sat_29867399.mp3	ᱩᱱᱤᱭᱟᱜ ᱧᱩᱛᱩᱢ ᱫᱚ ᱠᱤᱢᱚᱨᱟᱞᱮ ᱠᱟᱱᱟ᱾	4	0	twenties	male	Western Odisha, India		sat	
9698b39cb85f238f1346eea2dba721e4e8fb440bd4d14b632aef84108f02f47d028463a7076a9eb0333b72fab260a9357f045de63eaaa3c7374ce6a692e081ba	common_voice_sat_29867400.mp3	ᱩᱱᱤᱭᱟᱜ ᱧᱩᱛᱩᱢ ᱫᱚ ᱠᱮᱭᱟᱣᱱᱟ ᱠᱟᱱᱟ᱾	4	0	twenties	male	Western Odisha, India		sat	
9698b39cb85f238f1346eea2dba721e4e8fb440bd4d14b632aef84108f02f47d028463a7076a9eb0333b72fab260a9357f045de63eaaa3c7374ce6a692e081ba	common_voice_sat_29867536.mp3	ᱩᱱᱤᱭᱟᱜ ᱧᱩᱛᱩᱢ ᱫᱚ ᱠᱤᱣᱮᱞᱟᱹᱭ ᱠᱟᱱᱟ᱾	4	0	twenties	male	Western Odisha, India		sat	
9698b39cb85f238f1346eea2dba721e4e8fb440bd4d14b632aef84108f02f47d028463a7076a9eb0333b72fab260a9357f045de63eaaa3c7374ce6a692e081ba	common_voice_sat_29867538.mp3	ᱟᱡ ᱵᱟᱵᱟ ᱤᱨᱟᱹᱞ ᱜᱮᱞ ᱴᱟᱠᱟ ᱮᱢᱟ ᱫᱮᱭᱟᱭ᱾	4	0	twenties	male	Western Odisha, India		sat	
9698b39cb85f238f1346eea2dba721e4e8fb440bd4d14b632aef84108f02f47d028463a7076a9eb0333b72fab260a9357f045de63eaaa3c7374ce6a692e081ba	common_voice_sat_29867544.mp3	ᱤᱧᱟᱜ ᱵᱚᱦᱚᱜ ᱨᱮ ᱢᱤᱫᱥᱟᱭ ᱵᱟᱨᱜᱮᱞ ᱛᱩᱨᱩᱭ ᱜᱚᱴᱟᱝ ᱩᱵ ᱢᱮᱱᱟᱜᱼᱟ᱾	4	0	twenties	male	Western Odisha, India		sat	
9698b39cb85f238f1346eea2dba721e4e8fb440bd4d14b632aef84108f02f47d028463a7076a9eb0333b72fab260a9357f045de63eaaa3c7374ce6a692e081ba	common_voice_sat_29867546.mp3	ᱟᱡ ᱵᱟᱵᱟ ᱢᱤᱫᱥᱟᱭ ᱢᱚᱬᱮᱜᱮᱞ ᱯᱮ ᱴᱟᱠᱟ ᱮᱢᱟ ᱫᱮᱭᱟᱭ᱾	2	0	twenties	male	Western Odisha, India		sat	
9698b39cb85f238f1346eea2dba721e4e8fb440bd4d14b632aef84108f02f47d028463a7076a9eb0333b72fab260a9357f045de63eaaa3c7374ce6a692e081ba	common_voice_sat_29867548.mp3	ᱩᱱᱤᱭᱟᱜ ᱧᱩᱛᱩᱢ ᱫᱚ ᱠᱮᱥᱦᱟᱩᱱ ᱠᱟᱱᱟ᱾	4	0	twenties	male	Western Odisha, India		sat	
9698b39cb85f238f1346eea2dba721e4e8fb440bd4d14b632aef84108f02f47d028463a7076a9eb0333b72fab260a9357f045de63eaaa3c7374ce6a692e081ba	common_voice_sat_29930956.mp3	ᱩᱱᱤᱭᱟᱜ ᱧᱩᱛᱩᱢ ᱫᱚ ᱠᱞᱚᱴᱲ ᱠᱟᱱᱟ᱾	4	0	twenties	male	Western Odisha, India		sat	
9698b39cb85f238f1346eea2dba721e4e8fb440bd4d14b632aef84108f02f47d028463a7076a9eb0333b72fab260a9357f045de63eaaa3c7374ce6a692e081ba	common_voice_sat_29930957.mp3	ᱩᱱᱤᱭᱟᱜ ᱧᱩᱛᱩᱢ ᱫᱚ ᱠᱮᱡᱟ ᱠᱟᱱᱟ᱾	4	0	twenties	male	Western Odisha, India		sat	
9698b39cb85f238f1346eea2dba721e4e8fb440bd4d14b632aef84108f02f47d028463a7076a9eb0333b72fab260a9357f045de63eaaa3c7374ce6a692e081ba	common_voice_sat_29930958.mp3	ᱩᱱᱤᱭᱟᱜ ᱧᱩᱛᱩᱢ ᱫᱚ ᱠᱟᱲᱤᱭᱟ ᱠᱟᱱᱟ᱾	4	0	twenties	male	Western Odisha, India		sat	
9698b39cb85f238f1346eea2dba721e4e8fb440bd4d14b632aef84108f02f47d028463a7076a9eb0333b72fab260a9357f045de63eaaa3c7374ce6a692e081ba	common_voice_sat_29930959.mp3	ᱩᱱᱤᱭᱟᱜ ᱧᱩᱛᱩᱢ ᱫᱚ ᱠᱮᱞᱚᱱᱤ ᱠᱟᱱᱟ᱾	2	0	twenties	male	Western Odisha, India		sat	
9698b39cb85f238f1346eea2dba721e4e8fb440bd4d14b632aef84108f02f47d028463a7076a9eb0333b72fab260a9357f045de63eaaa3c7374ce6a692e081ba	common_voice_sat_29930960.mp3	ᱵᱮᱠ ᱴᱷᱮᱱ ᱢᱚᱬᱮᱜᱮᱞ ᱟᱨᱮ ᱴᱟᱠᱟ ᱜᱮ ᱥᱟᱨᱮᱡ ᱠᱟᱱᱟ᱾	4	0	twenties	male	Western Odisha, India		sat	
9698b39cb85f238f1346eea2dba721e4e8fb440bd4d14b632aef84108f02f47d028463a7076a9eb0333b72fab260a9357f045de63eaaa3c7374ce6a692e081ba	common_voice_sat_29931314.mp3	ᱩᱱᱤᱭᱟᱜ ᱧᱩᱛᱩᱢ ᱫᱚ ᱠᱟᱭᱞᱤᱭᱟ ᱠᱟᱱᱟ᱾	2	0	twenties	male	Western Odisha, India		sat	
9698b39cb85f238f1346eea2dba721e4e8fb440bd4d14b632aef84108f02f47d028463a7076a9eb0333b72fab260a9357f045de63eaaa3c7374ce6a692e081ba	common_voice_sat_29931315.mp3	ᱩᱱᱤᱭᱟᱜ ᱧᱩᱛᱩᱢ ᱫᱚ ᱠᱮᱱᱴᱮᱲ ᱠᱟᱱᱟ᱾	4	0	twenties	male	Western Odisha, India		sat	
9698b39cb85f238f1346eea2dba721e4e8fb440bd4d14b632aef84108f02f47d028463a7076a9eb0333b72fab260a9357f045de63eaaa3c7374ce6a692e081ba	common_voice_sat_29931316.mp3	ᱩᱱᱤᱭᱟᱜ ᱧᱩᱛᱩᱢ ᱫᱚ ᱠᱮᱭᱢ ᱠᱟᱱᱟ᱾	4	2	twenties	male	Western Odisha, India		sat	
9698b39cb85f238f1346eea2dba721e4e8fb440bd4d14b632aef84108f02f47d028463a7076a9eb0333b72fab260a9357f045de63eaaa3c7374ce6a692e081ba	common_voice_sat_29931319.mp3	ᱩᱱᱤᱭᱟᱜ ᱧᱩᱛᱩᱢ ᱫᱚ ᱠᱮᱭᱟᱨᱮᱭᱟ ᱠᱟᱱᱟ᱾	4	0	twenties	male	Western Odisha, India		sat	
9698b39cb85f238f1346eea2dba721e4e8fb440bd4d14b632aef84108f02f47d028463a7076a9eb0333b72fab260a9357f045de63eaaa3c7374ce6a692e081ba	common_voice_sat_29931339.mp3	ᱩᱱᱤᱭᱟᱜ ᱧᱩᱛᱩᱢ ᱫᱚ ᱠᱮᱭᱟᱨᱱᱚ ᱠᱟᱱᱟ᱾	4	0	twenties	male	Western Odisha, India		sat	
9698b39cb85f238f1346eea2dba721e4e8fb440bd4d14b632aef84108f02f47d028463a7076a9eb0333b72fab260a9357f045de63eaaa3c7374ce6a692e081ba	common_voice_sat_29931340.mp3	ᱤᱧ ᱴᱷᱮᱱ ᱢᱤᱫᱥᱟᱭ ᱤᱨᱟᱹᱞ ᱜᱮᱞ ᱴᱟᱠᱟ ᱢᱮᱱᱟᱜᱼᱟ᱾	4	0	twenties	male	Western Odisha, India		sat	
9698b39cb85f238f1346eea2dba721e4e8fb440bd4d14b632aef84108f02f47d028463a7076a9eb0333b72fab260a9357f045de63eaaa3c7374ce6a692e081ba	common_voice_sat_29931341.mp3	ᱩᱱᱤᱭᱟᱜ ᱧᱩᱛᱩᱢ ᱫᱚ ᱠᱟᱭᱚᱰᱮ ᱠᱟᱱᱟ᱾	4	0	twenties	male	Western Odisha, India		sat	
9698b39cb85f238f1346eea2dba721e4e8fb440bd4d14b632aef84108f02f47d028463a7076a9eb0333b72fab260a9357f045de63eaaa3c7374ce6a692e081ba	common_voice_sat_29931342.mp3	ᱟᱡ ᱵᱟᱵᱟ ᱢᱤᱫᱥᱟᱭ ᱤᱨᱟᱹᱞᱜᱮᱞ ᱯᱮ ᱴᱟᱠᱟ ᱮᱢᱟ ᱫᱮᱭᱟᱭ᱾	4	0	twenties	male	Western Odisha, India		sat	
9698b39cb85f238f1346eea2dba721e4e8fb440bd4d14b632aef84108f02f47d028463a7076a9eb0333b72fab260a9357f045de63eaaa3c7374ce6a692e081ba	common_voice_sat_29931344.mp3	ᱩᱱᱤᱭᱟᱜ ᱧᱩᱛᱩᱢ ᱫᱚ ᱠᱮᱞᱥᱮ ᱠᱟᱱᱟ᱾	4	0	twenties	male	Western Odisha, India		sat	
9698b39cb85f238f1346eea2dba721e4e8fb440bd4d14b632aef84108f02f47d028463a7076a9eb0333b72fab260a9357f045de63eaaa3c7374ce6a692e081ba	common_voice_sat_29931364.mp3	ᱩᱱᱤᱭᱟᱜ ᱧᱩᱛᱩᱢ ᱫᱚ ᱠᱤᱨᱥᱦᱟ ᱠᱟᱱᱟ᱾	2	0	twenties	male	Western Odisha, India		sat	
9698b39cb85f238f1346eea2dba721e4e8fb440bd4d14b632aef84108f02f47d028463a7076a9eb0333b72fab260a9357f045de63eaaa3c7374ce6a692e081ba	common_voice_sat_29931365.mp3	ᱩᱱᱤᱭᱟᱜ ᱧᱩᱛᱩᱢ ᱫᱚ ᱠᱮᱭᱶᱤᱱ ᱠᱟᱱᱟ᱾	2	0	twenties	male	Western Odisha, India		sat	
9698b39cb85f238f1346eea2dba721e4e8fb440bd4d14b632aef84108f02f47d028463a7076a9eb0333b72fab260a9357f045de63eaaa3c7374ce6a692e081ba	common_voice_sat_29931366.mp3	ᱩᱱᱤᱭᱟᱜ ᱧᱩᱛᱩᱢ ᱫᱚ ᱠᱤᱣᱮᱨᱟᱱᱼᱞᱮ ᱠᱟᱱᱟ᱾	4	0	twenties	male	Western Odisha, India		sat	
9698b39cb85f238f1346eea2dba721e4e8fb440bd4d14b632aef84108f02f47d028463a7076a9eb0333b72fab260a9357f045de63eaaa3c7374ce6a692e081ba	common_voice_sat_29931367.mp3	ᱩᱱᱤᱭᱟᱜ ᱧᱩᱛᱩᱢ ᱫᱚ ᱠᱮᱶᱮᱞᱟᱹᱭᱤᱱ ᱠᱟᱱᱟ᱾	4	0	twenties	male	Western Odisha, India		sat	
9698b39cb85f238f1346eea2dba721e4e8fb440bd4d14b632aef84108f02f47d028463a7076a9eb0333b72fab260a9357f045de63eaaa3c7374ce6a692e081ba	common_voice_sat_29931368.mp3	ᱵᱮᱠ ᱴᱷᱮᱱ ᱢᱚᱬᱮᱜᱮᱞ ᱵᱟᱨ ᱴᱟᱠᱟ ᱜᱮ ᱥᱟᱨᱮᱡ ᱠᱟᱱᱟ᱾	4	2	twenties	male	Western Odisha, India		sat	
9698b39cb85f238f1346eea2dba721e4e8fb440bd4d14b632aef84108f02f47d028463a7076a9eb0333b72fab260a9357f045de63eaaa3c7374ce6a692e081ba	common_voice_sat_29931384.mp3	ᱩᱱᱤᱭᱟᱜ ᱧᱩᱛᱩᱢ ᱫᱚ ᱠᱮᱞᱤᱣᱮᱭᱟᱱ ᱠᱟᱱᱟ᱾	4	0	twenties	male	Western Odisha, India		sat	
9698b39cb85f238f1346eea2dba721e4e8fb440bd4d14b632aef84108f02f47d028463a7076a9eb0333b72fab260a9357f045de63eaaa3c7374ce6a692e081ba	common_voice_sat_29931388.mp3	ᱩᱱᱤᱭᱟᱜ ᱧᱩᱛᱩᱢ ᱫᱚ ᱠᱮᱶᱚᱱᱴᱮ ᱠᱟᱱᱟ᱾	2	0	twenties	male	Western Odisha, India		sat	
9698b39cb85f238f1346eea2dba721e4e8fb440bd4d14b632aef84108f02f47d028463a7076a9eb0333b72fab260a9357f045de63eaaa3c7374ce6a692e081ba	common_voice_sat_29931391.mp3	ᱤᱧ ᱴᱷᱮᱱ ᱢᱚᱬᱮᱜᱮᱞ ᱮᱭᱟᱭ ᱴᱟᱠᱟ ᱢᱮᱱᱟᱜᱼᱟ᱾	2	0	twenties	male	Western Odisha, India		sat	
9698b39cb85f238f1346eea2dba721e4e8fb440bd4d14b632aef84108f02f47d028463a7076a9eb0333b72fab260a9357f045de63eaaa3c7374ce6a692e081ba	common_voice_sat_29931392.mp3	ᱩᱱᱤᱭᱟᱜ ᱧᱩᱛᱩᱢ ᱫᱚ ᱠᱤᱵᱞᱤᱱ ᱠᱟᱱᱟ᱾	2	0	twenties	male	Western Odisha, India		sat	
9698b39cb85f238f1346eea2dba721e4e8fb440bd4d14b632aef84108f02f47d028463a7076a9eb0333b72fab260a9357f045de63eaaa3c7374ce6a692e081ba	common_voice_sat_29931393.mp3	ᱩᱱᱤᱭᱟᱜ ᱧᱩᱛᱩᱢ ᱫᱚ ᱠᱮᱢᱚᱱᱰᱨᱮ ᱠᱟᱱᱟ᱾	4	0	twenties	male	Western Odisha, India		sat	
9698b39cb85f238f1346eea2dba721e4e8fb440bd4d14b632aef84108f02f47d028463a7076a9eb0333b72fab260a9357f045de63eaaa3c7374ce6a692e081ba	common_voice_sat_29932910.mp3	ᱩᱱᱤᱭᱟᱜ ᱧᱩᱛᱩᱢ ᱫᱚ ᱠᱷᱟᱰᱤ ᱠᱟᱱᱟ᱾	2	0	twenties	male	Western Odisha, India		sat	
9698b39cb85f238f1346eea2dba721e4e8fb440bd4d14b632aef84108f02f47d028463a7076a9eb0333b72fab260a9357f045de63eaaa3c7374ce6a692e081ba	common_voice_sat_29932911.mp3	ᱤᱧᱟᱜ ᱠᱷᱟᱛᱟ ᱨᱮ ᱛᱩᱨᱩᱭᱜᱮᱞ ᱵᱟᱨ ᱴᱟᱠᱟ ᱢᱮᱱᱟᱜᱼᱟ᱾	4	0	twenties	male	Western Odisha, India		sat	
9698b39cb85f238f1346eea2dba721e4e8fb440bd4d14b632aef84108f02f47d028463a7076a9eb0333b72fab260a9357f045de63eaaa3c7374ce6a692e081ba	common_voice_sat_29932913.mp3	ᱩᱱᱤᱭᱟᱜ ᱧᱩᱛᱩᱢ ᱫᱚ ᱠᱷᱟᱢᱨᱚᱱ ᱠᱟᱱᱟ᱾	4	0	twenties	male	Western Odisha, India		sat	
9698b39cb85f238f1346eea2dba721e4e8fb440bd4d14b632aef84108f02f47d028463a7076a9eb0333b72fab260a9357f045de63eaaa3c7374ce6a692e081ba	common_voice_sat_29932914.mp3	ᱩᱱᱤᱭᱟᱜ ᱧᱩᱛᱩᱢ ᱫᱚ ᱠᱤᱯᱮᱨ ᱠᱟᱱᱟ᱾	2	0	twenties	male	Western Odisha, India		sat	
9698b39cb85f238f1346eea2dba721e4e8fb440bd4d14b632aef84108f02f47d028463a7076a9eb0333b72fab260a9357f045de63eaaa3c7374ce6a692e081ba	common_voice_sat_29932916.mp3	ᱩᱱᱤᱭᱟᱜ ᱧᱩᱛᱩᱢ ᱫᱚ ᱠᱮᱭᱥᱤ ᱠᱟᱱᱟ᱾	4	0	twenties	male	Western Odisha, India		sat	
9698b39cb85f238f1346eea2dba721e4e8fb440bd4d14b632aef84108f02f47d028463a7076a9eb0333b72fab260a9357f045de63eaaa3c7374ce6a692e081ba	common_voice_sat_29933000.mp3	ᱩᱱᱤᱭᱟᱜ ᱧᱩᱛᱩᱢ ᱫᱚ ᱠᱤᱭᱚᱴᱤ ᱠᱟᱱᱟ᱾	4	0	twenties	male	Western Odisha, India		sat	
9698b39cb85f238f1346eea2dba721e4e8fb440bd4d14b632aef84108f02f47d028463a7076a9eb0333b72fab260a9357f045de63eaaa3c7374ce6a692e081ba	common_voice_sat_29933001.mp3	ᱤᱧᱟᱜ ᱠᱷᱟᱛᱟ ᱨᱮ ᱟᱨᱮ ᱜᱮᱞ ᱢᱤᱫ ᱴᱟᱠᱟ ᱢᱮᱱᱟᱜᱼᱟ᱾	4	0	twenties	male	Western Odisha, India		sat	
9698b39cb85f238f1346eea2dba721e4e8fb440bd4d14b632aef84108f02f47d028463a7076a9eb0333b72fab260a9357f045de63eaaa3c7374ce6a692e081ba	common_voice_sat_29933002.mp3	ᱩᱱᱤᱭᱟᱜ ᱧᱩᱛᱩᱢ ᱫᱚ ᱠᱮᱭᱟᱦᱱᱟ ᱠᱟᱱᱟ᱾	4	0	twenties	male	Western Odisha, India		sat	
9698b39cb85f238f1346eea2dba721e4e8fb440bd4d14b632aef84108f02f47d028463a7076a9eb0333b72fab260a9357f045de63eaaa3c7374ce6a692e081ba	common_voice_sat_29933003.mp3	ᱩᱱᱤᱭᱟᱜ ᱧᱩᱛᱩᱢ ᱫᱚ ᱠᱮᱭᱟᱨᱤᱭᱟ ᱠᱟᱱᱟ᱾	4	0	twenties	male	Western Odisha, India		sat	
9698b39cb85f238f1346eea2dba721e4e8fb440bd4d14b632aef84108f02f47d028463a7076a9eb0333b72fab260a9357f045de63eaaa3c7374ce6a692e081ba	common_voice_sat_29933004.mp3	ᱩᱱᱤᱭᱟᱜ ᱧᱩᱛᱩᱢ ᱫᱚ ᱠᱮᱨᱤᱱ ᱠᱟᱱᱟ᱾	2	0	twenties	male	Western Odisha, India		sat	
9698b39cb85f238f1346eea2dba721e4e8fb440bd4d14b632aef84108f02f47d028463a7076a9eb0333b72fab260a9357f045de63eaaa3c7374ce6a692e081ba	common_voice_sat_29933241.mp3	ᱤᱧᱟᱜ ᱠᱷᱟᱛᱟ ᱨᱮ ᱢᱤᱫᱥᱟᱭ ᱯᱮ ᱜᱮᱞ ᱴᱟᱠᱟ ᱢᱮᱱᱟᱜᱼᱟ᱾	4	0	twenties	male	Western Odisha, India		sat	
9698b39cb85f238f1346eea2dba721e4e8fb440bd4d14b632aef84108f02f47d028463a7076a9eb0333b72fab260a9357f045de63eaaa3c7374ce6a692e081ba	common_voice_sat_29933245.mp3	ᱩᱱᱤᱭᱟᱜ ᱧᱩᱛᱩᱢ ᱫᱚ ᱠᱮᱥᱞᱮ ᱠᱟᱱᱟ᱾	2	0	twenties	male	Western Odisha, India		sat	
9698b39cb85f238f1346eea2dba721e4e8fb440bd4d14b632aef84108f02f47d028463a7076a9eb0333b72fab260a9357f045de63eaaa3c7374ce6a692e081ba	common_voice_sat_29933246.mp3	ᱩᱱᱤᱭᱟᱜ ᱧᱩᱛᱩᱢ ᱫᱚ ᱠᱮᱴᱪᱷᱩᱢ ᱠᱟᱱᱟ᱾	2	0	twenties	male	Western Odisha, India		sat	
9698b39cb85f238f1346eea2dba721e4e8fb440bd4d14b632aef84108f02f47d028463a7076a9eb0333b72fab260a9357f045de63eaaa3c7374ce6a692e081ba	common_voice_sat_29933470.mp3	ᱩᱱᱤᱭᱟᱜ ᱧᱩᱛᱩᱢ ᱫᱚ ᱠᱮᱱᱴᱨᱮᱲ ᱠᱟᱱᱟ᱾	2	0	twenties	male	Western Odisha, India		sat	
9698b39cb85f238f1346eea2dba721e4e8fb440bd4d14b632aef84108f02f47d028463a7076a9eb0333b72fab260a9357f045de63eaaa3c7374ce6a692e081ba	common_voice_sat_29933471.mp3	ᱠᱷᱚᱵᱚᱨ	4	0	twenties	male	Western Odisha, India		sat	
9698b39cb85f238f1346eea2dba721e4e8fb440bd4d14b632aef84108f02f47d028463a7076a9eb0333b72fab260a9357f045de63eaaa3c7374ce6a692e081ba	common_voice_sat_29933473.mp3	ᱟᱡ ᱵᱟᱵᱟ ᱢᱤᱫᱥᱟᱭ ᱢᱚᱬᱮᱜᱮᱞ ᱢᱤᱫ ᱴᱟᱠᱟ ᱮᱢᱟ ᱫᱮᱭᱟᱭ᱾	4	0	twenties	male	Western Odisha, India		sat	
9698b39cb85f238f1346eea2dba721e4e8fb440bd4d14b632aef84108f02f47d028463a7076a9eb0333b72fab260a9357f045de63eaaa3c7374ce6a692e081ba	common_voice_sat_29933474.mp3	ᱩᱱᱤᱭᱟᱜ ᱧᱩᱛᱩᱢ ᱫᱚ ᱠᱮᱥᱦᱟᱣᱱᱟ ᱠᱟᱱᱟ᱾	4	0	twenties	male	Western Odisha, India		sat	
9698b39cb85f238f1346eea2dba721e4e8fb440bd4d14b632aef84108f02f47d028463a7076a9eb0333b72fab260a9357f045de63eaaa3c7374ce6a692e081ba	common_voice_sat_29933475.mp3	ᱩᱱᱤᱭᱟᱜ ᱧᱩᱛᱩᱢ ᱫᱚ ᱠᱤᱢᱚᱨᱮ ᱠᱟᱱᱟ᱾	2	0	twenties	male	Western Odisha, India		sat	
9698b39cb85f238f1346eea2dba721e4e8fb440bd4d14b632aef84108f02f47d028463a7076a9eb0333b72fab260a9357f045de63eaaa3c7374ce6a692e081ba	common_voice_sat_29933539.mp3	ᱩᱱᱤᱭᱟᱜ ᱧᱩᱛᱩᱢ ᱫᱚ ᱠᱮᱞᱴᱤᱣᱮ ᱠᱟᱱᱟ᱾	4	0	twenties	male	Western Odisha, India		sat	
9698b39cb85f238f1346eea2dba721e4e8fb440bd4d14b632aef84108f02f47d028463a7076a9eb0333b72fab260a9357f045de63eaaa3c7374ce6a692e081ba	common_voice_sat_29933540.mp3	ᱩᱱᱤᱭᱟᱜ ᱧᱩᱛᱩᱢ ᱫᱚ ᱠᱤᱱᱤᱣᱮᱥᱦᱟ ᱠᱟᱱᱟ᱾	4	0	twenties	male	Western Odisha, India		sat	
9698b39cb85f238f1346eea2dba721e4e8fb440bd4d14b632aef84108f02f47d028463a7076a9eb0333b72fab260a9357f045de63eaaa3c7374ce6a692e081ba	common_voice_sat_29933541.mp3	ᱩᱱᱤᱭᱟᱜ ᱧᱩᱛᱩᱢ ᱫᱚ ᱠᱚᱵᱤᱪᱷᱩᱠᱣᱩᱰᱤ ᱠᱟᱱᱟ᱾	4	2	twenties	male	Western Odisha, India		sat	
9698b39cb85f238f1346eea2dba721e4e8fb440bd4d14b632aef84108f02f47d028463a7076a9eb0333b72fab260a9357f045de63eaaa3c7374ce6a692e081ba	common_voice_sat_29933542.mp3	ᱩᱱᱤᱭᱟᱜ ᱧᱩᱛᱩᱢ ᱫᱚ ᱠᱤᱱᱤᱥᱮᱭ ᱠᱟᱱᱟ᱾	4	0	twenties	male	Western Odisha, India		sat	
9698b39cb85f238f1346eea2dba721e4e8fb440bd4d14b632aef84108f02f47d028463a7076a9eb0333b72fab260a9357f045de63eaaa3c7374ce6a692e081ba	common_voice_sat_29933544.mp3	ᱩᱱᱤᱭᱟᱜ ᱧᱩᱛᱩᱢ ᱫᱚ ᱠᱚᱣᱮᱠᱚᱣᱮᱠ ᱠᱟᱱᱟ᱾	4	0	twenties	male	Western Odisha, India		sat	
9698b39cb85f238f1346eea2dba721e4e8fb440bd4d14b632aef84108f02f47d028463a7076a9eb0333b72fab260a9357f045de63eaaa3c7374ce6a692e081ba	common_voice_sat_29933847.mp3	ᱩᱱᱤᱭᱟᱜ ᱧᱩᱛᱩᱢ ᱫᱚ ᱠᱤᱭᱮᱱ ᱠᱟᱱᱟ᱾	2	0	twenties	male	Western Odisha, India		sat	
9698b39cb85f238f1346eea2dba721e4e8fb440bd4d14b632aef84108f02f47d028463a7076a9eb0333b72fab260a9357f045de63eaaa3c7374ce6a692e081ba	common_voice_sat_29933848.mp3	ᱩᱱᱤᱭᱟᱜ ᱧᱩᱛᱩᱢ ᱫᱚ ᱠᱮᱱᱰᱨᱤᱠᱟ ᱠᱟᱱᱟ᱾	2	0	twenties	male	Western Odisha, India		sat	
9698b39cb85f238f1346eea2dba721e4e8fb440bd4d14b632aef84108f02f47d028463a7076a9eb0333b72fab260a9357f045de63eaaa3c7374ce6a692e081ba	common_voice_sat_29933849.mp3	ᱩᱱᱤᱭᱟᱜ ᱧᱩᱛᱩᱢ ᱫᱚ ᱠᱷᱟᱰᱮᱨ ᱠᱟᱱᱟ᱾	2	0	twenties	male	Western Odisha, India		sat	
9698b39cb85f238f1346eea2dba721e4e8fb440bd4d14b632aef84108f02f47d028463a7076a9eb0333b72fab260a9357f045de63eaaa3c7374ce6a692e081ba	common_voice_sat_29933850.mp3	ᱩᱱᱤᱭᱟᱜ ᱧᱩᱛᱩᱢ ᱫᱚ ᱠᱮᱨᱱᱮᱞ ᱠᱟᱱᱟ᱾	4	0	twenties	male	Western Odisha, India		sat	
9698b39cb85f238f1346eea2dba721e4e8fb440bd4d14b632aef84108f02f47d028463a7076a9eb0333b72fab260a9357f045de63eaaa3c7374ce6a692e081ba	common_voice_sat_29933851.mp3	ᱤᱧᱟᱜ ᱵᱚᱦᱚᱜ ᱨᱮ ᱢᱤᱫᱥᱟᱭ ᱵᱟᱨᱜᱮᱞ ᱜᱚᱴᱟᱝ ᱩᱵ ᱢᱮᱱᱟᱜᱼᱟ᱾	2	0	twenties	male	Western Odisha, India		sat	
9698b39cb85f238f1346eea2dba721e4e8fb440bd4d14b632aef84108f02f47d028463a7076a9eb0333b72fab260a9357f045de63eaaa3c7374ce6a692e081ba	common_voice_sat_29933886.mp3	ᱫᱤᱥᱚᱢ ᱠᱷᱚᱵᱚᱨ ᱫᱚ ᱪᱮᱫ ᱠᱟᱱᱟ?	4	0	twenties	male	Western Odisha, India		sat	
9698b39cb85f238f1346eea2dba721e4e8fb440bd4d14b632aef84108f02f47d028463a7076a9eb0333b72fab260a9357f045de63eaaa3c7374ce6a692e081ba	common_voice_sat_29933887.mp3	ᱩᱱᱤᱭᱟᱜ ᱧᱩᱛᱩᱢ ᱫᱚ ᱠᱤᱭᱟᱢᱚᱨᱟ ᱠᱟᱱᱟ᱾	2	0	twenties	male	Western Odisha, India		sat	
9698b39cb85f238f1346eea2dba721e4e8fb440bd4d14b632aef84108f02f47d028463a7076a9eb0333b72fab260a9357f045de63eaaa3c7374ce6a692e081ba	common_voice_sat_29933888.mp3	ᱤᱧᱟᱜ ᱠᱷᱟᱛᱟ ᱨᱮ ᱯᱮᱜᱮᱞ ᱮᱭᱟᱭ ᱴᱟᱠᱟ ᱢᱮᱱᱟᱜᱼᱟ᱾	4	0	twenties	male	Western Odisha, India		sat	
9698b39cb85f238f1346eea2dba721e4e8fb440bd4d14b632aef84108f02f47d028463a7076a9eb0333b72fab260a9357f045de63eaaa3c7374ce6a692e081ba	common_voice_sat_29933889.mp3	ᱩᱱᱤᱭᱟᱜ ᱧᱩᱛᱩᱢ ᱫᱚ ᱠᱤᱢᱮᱥᱦᱟ ᱠᱟᱱᱟ᱾	4	0	twenties	male	Western Odisha, India		sat	
9698b39cb85f238f1346eea2dba721e4e8fb440bd4d14b632aef84108f02f47d028463a7076a9eb0333b72fab260a9357f045de63eaaa3c7374ce6a692e081ba	common_voice_sat_29933890.mp3	ᱩᱱᱤᱭᱟᱜ ᱧᱩᱛᱩᱢ ᱫᱚ ᱠᱮᱴᱤᱦ ᱠᱟᱱᱟ᱾	4	0	twenties	male	Western Odisha, India		sat	
9698b39cb85f238f1346eea2dba721e4e8fb440bd4d14b632aef84108f02f47d028463a7076a9eb0333b72fab260a9357f045de63eaaa3c7374ce6a692e081ba	common_voice_sat_29933916.mp3	ᱩᱱᱤᱭᱟᱜ ᱧᱩᱛᱩᱢ ᱫᱚ ᱠᱮᱦᱞ ᱠᱟᱱᱟ᱾	4	0	twenties	male	Western Odisha, India		sat	
9698b39cb85f238f1346eea2dba721e4e8fb440bd4d14b632aef84108f02f47d028463a7076a9eb0333b72fab260a9357f045de63eaaa3c7374ce6a692e081ba	common_voice_sat_29933917.mp3	ᱩᱱᱤᱭᱟᱜ ᱧᱩᱛᱩᱢ ᱫᱚ ᱠᱤᱱᱜᱪᱟᱰᱮ ᱠᱟᱱᱟ᱾	4	0	twenties	male	Western Odisha, India		sat	
9698b39cb85f238f1346eea2dba721e4e8fb440bd4d14b632aef84108f02f47d028463a7076a9eb0333b72fab260a9357f045de63eaaa3c7374ce6a692e081ba	common_voice_sat_29933918.mp3	ᱟᱞᱮ ᱢᱤᱫ ᱪᱟᱸᱫᱚ ᱨᱤᱱᱤᱡ ᱜᱩᱰᱩ ᱢᱮᱱᱟᱭᱟ ᱪᱮᱞᱠᱟ ᱞᱮ ᱜᱚᱡᱭᱮᱟ ᱥᱮ ᱫᱚᱦᱚᱭ ᱭᱟ ᱞᱮ ᱾	4	0	twenties	male	Western Odisha, India		sat	
9698b39cb85f238f1346eea2dba721e4e8fb440bd4d14b632aef84108f02f47d028463a7076a9eb0333b72fab260a9357f045de63eaaa3c7374ce6a692e081ba	common_voice_sat_29933919.mp3	ᱩᱱᱤᱭᱟᱜ ᱧᱩᱛᱩᱢ ᱫᱚ ᱠᱮᱱᱟᱨᱰᱚ ᱠᱟᱱᱟ᱾	4	0	twenties	male	Western Odisha, India		sat	
9698b39cb85f238f1346eea2dba721e4e8fb440bd4d14b632aef84108f02f47d028463a7076a9eb0333b72fab260a9357f045de63eaaa3c7374ce6a692e081ba	common_voice_sat_29933920.mp3	ᱩᱱᱤᱭᱟᱜ ᱧᱩᱛᱩᱢ ᱫᱚ ᱠᱞᱟᱭᱨᱮ ᱠᱟᱱᱟ᱾	4	0	twenties	male	Western Odisha, India		sat	
9698b39cb85f238f1346eea2dba721e4e8fb440bd4d14b632aef84108f02f47d028463a7076a9eb0333b72fab260a9357f045de63eaaa3c7374ce6a692e081ba	common_voice_sat_29933947.mp3	ᱟᱡ ᱵᱟᱵᱟ ᱢᱤᱫᱥᱟᱭ ᱤᱨᱟᱹᱞᱜᱮᱞ ᱢᱤᱫ ᱴᱟᱠᱟ ᱮᱢᱟ ᱫᱮᱭᱟᱭ᱾	4	0	twenties	male	Western Odisha, India		sat	
9698b39cb85f238f1346eea2dba721e4e8fb440bd4d14b632aef84108f02f47d028463a7076a9eb0333b72fab260a9357f045de63eaaa3c7374ce6a692e081ba	common_voice_sat_29933950.mp3	ᱤᱧ ᱴᱷᱮᱱ ᱢᱤᱫᱥᱟᱭ ᱮᱭᱟᱭ ᱴᱟᱠᱟ ᱢᱮᱱᱟᱜᱼᱟ᱾	4	0	twenties	male	Western Odisha, India		sat	
9698b39cb85f238f1346eea2dba721e4e8fb440bd4d14b632aef84108f02f47d028463a7076a9eb0333b72fab260a9357f045de63eaaa3c7374ce6a692e081ba	common_voice_sat_29933952.mp3	ᱩᱱᱤᱭᱟᱜ ᱧᱩᱛᱩᱢ ᱫᱚ ᱠᱮᱭᱞᱟᱱ ᱠᱟᱱᱟ᱾	4	0	twenties	male	Western Odisha, India		sat	
9698b39cb85f238f1346eea2dba721e4e8fb440bd4d14b632aef84108f02f47d028463a7076a9eb0333b72fab260a9357f045de63eaaa3c7374ce6a692e081ba	common_voice_sat_29933954.mp3	ᱩᱱᱤᱭᱟᱜ ᱧᱩᱛᱩᱢ ᱫᱚ ᱠᱤᱣᱮᱞᱤᱱ ᱠᱟᱱᱟ᱾	2	0	twenties	male	Western Odisha, India		sat	
9698b39cb85f238f1346eea2dba721e4e8fb440bd4d14b632aef84108f02f47d028463a7076a9eb0333b72fab260a9357f045de63eaaa3c7374ce6a692e081ba	common_voice_sat_29933993.mp3	ᱤᱧᱟᱜ ᱠᱷᱟᱛᱟ ᱨᱮ ᱢᱚᱬᱮᱜᱮᱞ ᱟᱨᱮ ᱴᱟᱠᱟ ᱢᱮᱱᱟᱜᱼᱟ᱾	2	0	twenties	male	Western Odisha, India		sat	
9698b39cb85f238f1346eea2dba721e4e8fb440bd4d14b632aef84108f02f47d028463a7076a9eb0333b72fab260a9357f045de63eaaa3c7374ce6a692e081ba	common_voice_sat_29933994.mp3	ᱩᱱᱤᱭᱟᱜ ᱧᱩᱛᱩᱢ ᱫᱚ ᱠᱷᱟᱰᱮᱡᱟ ᱠᱟᱱᱟ᱾	4	0	twenties	male	Western Odisha, India		sat	
9698b39cb85f238f1346eea2dba721e4e8fb440bd4d14b632aef84108f02f47d028463a7076a9eb0333b72fab260a9357f045de63eaaa3c7374ce6a692e081ba	common_voice_sat_29933995.mp3	ᱩᱱᱤᱭᱟᱜ ᱧᱩᱛᱩᱢ ᱫᱚ ᱠᱮᱱᱞᱤᱣᱮ ᱠᱟᱱᱟ᱾	4	0	twenties	male	Western Odisha, India		sat	
9698b39cb85f238f1346eea2dba721e4e8fb440bd4d14b632aef84108f02f47d028463a7076a9eb0333b72fab260a9357f045de63eaaa3c7374ce6a692e081ba	common_voice_sat_29933996.mp3	ᱩᱱᱤᱭᱟᱜ ᱧᱩᱛᱩᱢ ᱫᱚ ᱠᱮᱨᱰᱚ ᱠᱟᱱᱟ᱾	4	0	twenties	male	Western Odisha, India		sat	
9698b39cb85f238f1346eea2dba721e4e8fb440bd4d14b632aef84108f02f47d028463a7076a9eb0333b72fab260a9357f045de63eaaa3c7374ce6a692e081ba	common_voice_sat_29933997.mp3	ᱩᱱᱤᱭᱟᱜ ᱧᱩᱛᱩᱢ ᱫᱚ ᱠᱮᱱᱰᱭᱞ ᱠᱟᱱᱟ᱾	4	0	twenties	male	Western Odisha, India		sat	
9698b39cb85f238f1346eea2dba721e4e8fb440bd4d14b632aef84108f02f47d028463a7076a9eb0333b72fab260a9357f045de63eaaa3c7374ce6a692e081ba	common_voice_sat_29934013.mp3	ᱟᱡ ᱵᱟᱵᱟ ᱢᱤᱫᱥᱟᱭ ᱯᱮᱜᱮᱞ ᱢᱤᱫ ᱴᱟᱠᱟ ᱮᱢᱟ ᱫᱮᱭᱟᱭ᱾	2	0	twenties	male	Western Odisha, India		sat	
9698b39cb85f238f1346eea2dba721e4e8fb440bd4d14b632aef84108f02f47d028463a7076a9eb0333b72fab260a9357f045de63eaaa3c7374ce6a692e081ba	common_voice_sat_29934014.mp3	ᱩᱱᱤᱭᱟᱜ ᱧᱩᱛᱩᱢ ᱫᱚ ᱠᱟᱱᱚᱵᱞᱮ ᱠᱟᱱᱟ᱾	4	0	twenties	male	Western Odisha, India		sat	
9698b39cb85f238f1346eea2dba721e4e8fb440bd4d14b632aef84108f02f47d028463a7076a9eb0333b72fab260a9357f045de63eaaa3c7374ce6a692e081ba	common_voice_sat_29934015.mp3	ᱩᱱᱤᱭᱟᱜ ᱧᱩᱛᱩᱢ ᱫᱚ ᱠᱮᱱᱰᱤ ᱠᱟᱱᱟ᱾	4	0	twenties	male	Western Odisha, India		sat	
9698b39cb85f238f1346eea2dba721e4e8fb440bd4d14b632aef84108f02f47d028463a7076a9eb0333b72fab260a9357f045de63eaaa3c7374ce6a692e081ba	common_voice_sat_29934016.mp3	ᱩᱱᱤᱭᱟᱜ ᱧᱩᱛᱩᱢ ᱫᱚ ᱠᱮᱞᱤᱭᱟ ᱠᱟᱱᱟ᱾	4	0	twenties	male	Western Odisha, India		sat	
9698b39cb85f238f1346eea2dba721e4e8fb440bd4d14b632aef84108f02f47d028463a7076a9eb0333b72fab260a9357f045de63eaaa3c7374ce6a692e081ba	common_voice_sat_29934028.mp3	ᱩᱱᱤᱭᱟᱜ ᱧᱩᱛᱩᱢ ᱫᱚ ᱠᱤᱴᱟ ᱠᱟᱱᱟ᱾	4	0	twenties	male	Western Odisha, India		sat	
9698b39cb85f238f1346eea2dba721e4e8fb440bd4d14b632aef84108f02f47d028463a7076a9eb0333b72fab260a9357f045de63eaaa3c7374ce6a692e081ba	common_voice_sat_29934029.mp3	ᱵᱮᱠ ᱴᱷᱮᱱ ᱢᱤᱫᱥᱟᱭ ᱵᱟᱨᱜᱮᱞ ᱮᱭᱟᱭ ᱴᱟᱠᱟ ᱜᱮ ᱥᱟᱨᱮᱡ ᱠᱟᱱᱟ᱾	4	0	twenties	male	Western Odisha, India		sat	
9698b39cb85f238f1346eea2dba721e4e8fb440bd4d14b632aef84108f02f47d028463a7076a9eb0333b72fab260a9357f045de63eaaa3c7374ce6a692e081ba	common_voice_sat_29934030.mp3	ᱩᱱᱤᱭᱟᱜ ᱧᱩᱛᱩᱢ ᱫᱚ ᱠᱷᱟᱱᱰᱤᱥ ᱠᱟᱱᱟ᱾	2	0	twenties	male	Western Odisha, India		sat	
9698b39cb85f238f1346eea2dba721e4e8fb440bd4d14b632aef84108f02f47d028463a7076a9eb0333b72fab260a9357f045de63eaaa3c7374ce6a692e081ba	common_voice_sat_29934031.mp3	ᱩᱱᱤᱭᱟᱜ ᱧᱩᱛᱩᱢ ᱫᱚ ᱠᱤᱭᱟᱭᱟ ᱠᱟᱱᱟ᱾	2	0	twenties	male	Western Odisha, India		sat	
9698b39cb85f238f1346eea2dba721e4e8fb440bd4d14b632aef84108f02f47d028463a7076a9eb0333b72fab260a9357f045de63eaaa3c7374ce6a692e081ba	common_voice_sat_29934032.mp3	ᱩᱱᱤᱭᱟᱜ ᱧᱩᱛᱩᱢ ᱫᱚ ᱠᱮᱭᱟᱥᱤᱭᱟᱦ ᱠᱟᱱᱟ᱾	2	0	twenties	male	Western Odisha, India		sat	
9698b39cb85f238f1346eea2dba721e4e8fb440bd4d14b632aef84108f02f47d028463a7076a9eb0333b72fab260a9357f045de63eaaa3c7374ce6a692e081ba	common_voice_sat_29934068.mp3	ᱩᱱᱤᱭᱟᱜ ᱧᱩᱛᱩᱢ ᱫᱚ ᱠᱷᱮᱭᱨᱟ ᱠᱟᱱᱟ᱾	2	0	twenties	male	Western Odisha, India		sat	
9698b39cb85f238f1346eea2dba721e4e8fb440bd4d14b632aef84108f02f47d028463a7076a9eb0333b72fab260a9357f045de63eaaa3c7374ce6a692e081ba	common_voice_sat_29934069.mp3	ᱢᱚᱥᱞᱟ ᱥᱟᱠᱟᱢ ᱨᱮᱭᱟᱜ ᱫᱟᱢ ᱠᱚᱢ ᱢᱮ ᱥᱮ ᱾	2	0	twenties	male	Western Odisha, India		sat	
9698b39cb85f238f1346eea2dba721e4e8fb440bd4d14b632aef84108f02f47d028463a7076a9eb0333b72fab260a9357f045de63eaaa3c7374ce6a692e081ba	common_voice_sat_29934070.mp3	ᱩᱱᱤᱭᱟᱜ ᱧᱩᱛᱩᱢ ᱫᱚ ᱠᱷᱟᱞᱮᱰᱟ ᱠᱟᱱᱟ᱾	4	0	twenties	male	Western Odisha, India		sat	
9698b39cb85f238f1346eea2dba721e4e8fb440bd4d14b632aef84108f02f47d028463a7076a9eb0333b72fab260a9357f045de63eaaa3c7374ce6a692e081ba	common_voice_sat_29934071.mp3	ᱩᱱᱤᱭᱟᱜ ᱧᱩᱛᱩᱢ ᱫᱚ ᱠᱮᱜᱟᱱᱼᱴᱭᱞᱮᱨ ᱠᱟᱱᱟ᱾	4	0	twenties	male	Western Odisha, India		sat	
9698b39cb85f238f1346eea2dba721e4e8fb440bd4d14b632aef84108f02f47d028463a7076a9eb0333b72fab260a9357f045de63eaaa3c7374ce6a692e081ba	common_voice_sat_29934072.mp3	ᱩᱱᱤᱭᱟᱜ ᱧᱩᱛᱩᱢ ᱫᱚ ᱠᱮᱴᱷᱮᱨᱤᱱᱮ ᱠᱟᱱᱟ᱾	2	0	twenties	male	Western Odisha, India		sat	
9698b39cb85f238f1346eea2dba721e4e8fb440bd4d14b632aef84108f02f47d028463a7076a9eb0333b72fab260a9357f045de63eaaa3c7374ce6a692e081ba	common_voice_sat_29934101.mp3	ᱩᱱᱤᱭᱟᱜ ᱧᱩᱛᱩᱢ ᱫᱚ ᱠᱤᱱᱭᱮᱴᱟ ᱠᱟᱱᱟ᱾	2	0	twenties	male	Western Odisha, India		sat	
9698b39cb85f238f1346eea2dba721e4e8fb440bd4d14b632aef84108f02f47d028463a7076a9eb0333b72fab260a9357f045de63eaaa3c7374ce6a692e081ba	common_voice_sat_29934104.mp3	ᱩᱱᱤᱭᱟᱜ ᱧᱩᱛᱩᱢ ᱫᱚ ᱠᱤᱣᱮᱨᱟᱱᱼᱨᱟᱭᱢᱤᱣᱮ ᱠᱟᱱᱟ᱾	2	0	twenties	male	Western Odisha, India		sat	
9698b39cb85f238f1346eea2dba721e4e8fb440bd4d14b632aef84108f02f47d028463a7076a9eb0333b72fab260a9357f045de63eaaa3c7374ce6a692e081ba	common_voice_sat_29934107.mp3	ᱩᱱᱤᱭᱟᱜ ᱧᱩᱛᱩᱢ ᱫᱚ ᱠᱮᱭᱨᱟᱼᱢᱟᱭ ᱠᱟᱱᱟ᱾	2	0	twenties	male	Western Odisha, India		sat	
9698b39cb85f238f1346eea2dba721e4e8fb440bd4d14b632aef84108f02f47d028463a7076a9eb0333b72fab260a9357f045de63eaaa3c7374ce6a692e081ba	common_voice_sat_29934109.mp3	ᱩᱱᱤᱭᱟᱜ ᱧᱩᱛᱩᱢ ᱫᱚ ᱠᱷᱨᱭᱥᱴᱭᱤᱱᱟ ᱠᱟᱱᱟ᱾	2	0	twenties	male	Western Odisha, India		sat	
9698b39cb85f238f1346eea2dba721e4e8fb440bd4d14b632aef84108f02f47d028463a7076a9eb0333b72fab260a9357f045de63eaaa3c7374ce6a692e081ba	common_voice_sat_29934111.mp3	ᱩᱱᱤᱭᱟᱜ ᱧᱩᱛᱩᱢ ᱫᱚ ᱠᱮᱢᱟᱨᱮᱭᱟ ᱠᱟᱱᱟ᱾	4	0	twenties	male	Western Odisha, India		sat	
9698b39cb85f238f1346eea2dba721e4e8fb440bd4d14b632aef84108f02f47d028463a7076a9eb0333b72fab260a9357f045de63eaaa3c7374ce6a692e081ba	common_voice_sat_30085565.mp3	ᱩᱱᱤᱭᱟᱜ ᱧᱩᱛᱩᱢ ᱫᱚ ᱠᱮᱝᱮᱨ ᱠᱟᱱᱟ᱾	2	0	twenties	male	Western Odisha, India		sat	
9698b39cb85f238f1346eea2dba721e4e8fb440bd4d14b632aef84108f02f47d028463a7076a9eb0333b72fab260a9357f045de63eaaa3c7374ce6a692e081ba	common_voice_sat_30085566.mp3	ᱩᱱᱤᱭᱟᱜ ᱧᱩᱛᱩᱢ ᱫᱚ ᱠᱤᱭᱚᱴᱮᱨᱩ ᱠᱟᱱᱟ᱾	4	0	twenties	male	Western Odisha, India		sat	
9698b39cb85f238f1346eea2dba721e4e8fb440bd4d14b632aef84108f02f47d028463a7076a9eb0333b72fab260a9357f045de63eaaa3c7374ce6a692e081ba	common_voice_sat_30085568.mp3	ᱯᱟᱲᱦᱟᱣ ᱪᱟᱵᱟ ᱠᱟᱛᱮ ᱩᱱᱤ ᱱᱟᱹᱲᱤ ᱥᱟᱯᱷᱟ ᱠᱮᱜᱼᱟᱭ ᱾	4	0	twenties	male	Western Odisha, India		sat	
9698b39cb85f238f1346eea2dba721e4e8fb440bd4d14b632aef84108f02f47d028463a7076a9eb0333b72fab260a9357f045de63eaaa3c7374ce6a692e081ba	common_voice_sat_30085571.mp3	ᱵᱮᱠ ᱴᱷᱮᱱ ᱯᱮᱜᱮᱞ ᱯᱮ ᱴᱟᱠᱟ ᱜᱮ ᱥᱟᱨᱮᱡ ᱠᱟᱱᱟ᱾	4	0	twenties	male	Western Odisha, India		sat	
9698b39cb85f238f1346eea2dba721e4e8fb440bd4d14b632aef84108f02f47d028463a7076a9eb0333b72fab260a9357f045de63eaaa3c7374ce6a692e081ba	common_voice_sat_30085729.mp3	ᱩᱱᱤᱭᱟᱜ ᱧᱩᱛᱩᱢ ᱫᱚ ᱠᱮᱞᱚᱣ ᱠᱟᱱᱟ᱾	4	0	twenties	male	Western Odisha, India		sat	
9698b39cb85f238f1346eea2dba721e4e8fb440bd4d14b632aef84108f02f47d028463a7076a9eb0333b72fab260a9357f045de63eaaa3c7374ce6a692e081ba	common_voice_sat_30085731.mp3	ᱩᱱᱤᱭᱟᱜ ᱧᱩᱛᱩᱢ ᱫᱚ ᱠᱷᱩᱵᱪᱷᱟᱱᱰ ᱠᱟᱱᱟ᱾	2	0	twenties	male	Western Odisha, India		sat	
9698b39cb85f238f1346eea2dba721e4e8fb440bd4d14b632aef84108f02f47d028463a7076a9eb0333b72fab260a9357f045de63eaaa3c7374ce6a692e081ba	common_voice_sat_30085734.mp3	ᱩᱱᱤᱭᱟᱜ ᱧᱩᱛᱩᱢ ᱫᱚ ᱠᱤᱣᱮᱨᱱ ᱠᱟᱱᱟ᱾	2	0	twenties	male	Western Odisha, India		sat	
9698b39cb85f238f1346eea2dba721e4e8fb440bd4d14b632aef84108f02f47d028463a7076a9eb0333b72fab260a9357f045de63eaaa3c7374ce6a692e081ba	common_voice_sat_30085736.mp3	ᱦᱚᱛᱚᱫ ᱵᱮᱥ ᱵᱟᱹᱧ ᱵᱩᱡᱷᱟᱹᱣᱟ ᱾	4	0	twenties	male	Western Odisha, India		sat	
9698b39cb85f238f1346eea2dba721e4e8fb440bd4d14b632aef84108f02f47d028463a7076a9eb0333b72fab260a9357f045de63eaaa3c7374ce6a692e081ba	common_voice_sat_30085738.mp3	ᱩᱱᱤᱭᱟᱜ ᱧᱩᱛᱩᱢ ᱫᱚ ᱠᱟᱭᱞᱟᱼᱞᱟᱹᱭᱤᱱᱰᱥᱮᱭ ᱠᱟᱱᱟ᱾	2	0	twenties	male	Western Odisha, India		sat	
9698b39cb85f238f1346eea2dba721e4e8fb440bd4d14b632aef84108f02f47d028463a7076a9eb0333b72fab260a9357f045de63eaaa3c7374ce6a692e081ba	common_voice_sat_30085849.mp3	ᱩᱱᱤᱭᱟᱜ ᱧᱩᱛᱩᱢ ᱫᱚ ᱠᱮᱭᱤᱭᱚᱱᱟ ᱠᱟᱱᱟ᱾	4	2	twenties	male	Western Odisha, India		sat	
9698b39cb85f238f1346eea2dba721e4e8fb440bd4d14b632aef84108f02f47d028463a7076a9eb0333b72fab260a9357f045de63eaaa3c7374ce6a692e081ba	common_voice_sat_30085853.mp3	ᱩᱱᱤᱭᱟᱜ ᱧᱩᱛᱩᱢ ᱫᱚ ᱠᱮᱭᱥᱦᱩᱱ ᱠᱟᱱᱟ᱾	4	0	twenties	male	Western Odisha, India		sat	
9698b39cb85f238f1346eea2dba721e4e8fb440bd4d14b632aef84108f02f47d028463a7076a9eb0333b72fab260a9357f045de63eaaa3c7374ce6a692e081ba	common_voice_sat_30085857.mp3	ᱩᱱᱤᱭᱟᱜ ᱧᱩᱛᱩᱢ ᱫᱚ ᱠᱤᱡᱩᱣᱟᱱ ᱠᱟᱱᱟ᱾	2	0	twenties	male	Western Odisha, India		sat	
9698b39cb85f238f1346eea2dba721e4e8fb440bd4d14b632aef84108f02f47d028463a7076a9eb0333b72fab260a9357f045de63eaaa3c7374ce6a692e081ba	common_voice_sat_30085861.mp3	ᱤᱧᱟᱜ ᱵᱚᱦᱚᱜ ᱨᱮ ᱢᱤᱫᱥᱟᱭ ᱢᱚᱬᱮᱜᱮᱞ ᱢᱤᱫ ᱜᱚᱴᱟᱝ ᱩᱵ ᱢᱮᱱᱟᱜᱼᱟ᱾	2	0	twenties	male	Western Odisha, India		sat	
9698b39cb85f238f1346eea2dba721e4e8fb440bd4d14b632aef84108f02f47d028463a7076a9eb0333b72fab260a9357f045de63eaaa3c7374ce6a692e081ba	common_voice_sat_30085865.mp3	ᱠᱩᱫᱩᱢ ᱨᱮ ᱠᱩᱲᱤᱫ ᱠᱩᱲᱤᱫ ᱾	4	0	twenties	male	Western Odisha, India		sat	
9698b39cb85f238f1346eea2dba721e4e8fb440bd4d14b632aef84108f02f47d028463a7076a9eb0333b72fab260a9357f045de63eaaa3c7374ce6a692e081ba	common_voice_sat_30487774.mp3	ᱩᱱᱤᱭᱟᱜ ᱧᱩᱛᱩᱢ ᱫᱚ ᱠᱮᱜᱟᱱᱼᱡᱟᱢᱮᱥ ᱠᱟᱱᱟ᱾	2	0			Western Odisha, India		sat	
9698b39cb85f238f1346eea2dba721e4e8fb440bd4d14b632aef84108f02f47d028463a7076a9eb0333b72fab260a9357f045de63eaaa3c7374ce6a692e081ba	common_voice_sat_30487775.mp3	ᱟᱡ ᱵᱟᱵᱟ ᱢᱤᱫᱥᱟᱭ ᱢᱚᱬᱮᱜᱮᱞ ᱛᱩᱨᱩᱭ ᱴᱟᱠᱟ ᱮᱢᱟ ᱫᱮᱭᱟᱭ᱾	4	0			Western Odisha, India		sat	
9698b39cb85f238f1346eea2dba721e4e8fb440bd4d14b632aef84108f02f47d028463a7076a9eb0333b72fab260a9357f045de63eaaa3c7374ce6a692e081ba	common_voice_sat_30487776.mp3	ᱩᱱᱤᱭᱟᱜ ᱧᱩᱛᱩᱢ ᱫᱚ ᱠᱷᱤᱞᱮᱭᱜᱷ ᱠᱟᱱᱟ᱾	2	0			Western Odisha, India		sat	
9698b39cb85f238f1346eea2dba721e4e8fb440bd4d14b632aef84108f02f47d028463a7076a9eb0333b72fab260a9357f045de63eaaa3c7374ce6a692e081ba	common_voice_sat_30487777.mp3	ᱩᱱᱤᱭᱟᱜ ᱧᱩᱛᱩᱢ ᱫᱚ ᱠᱤᱞᱤ ᱠᱟᱱᱟ᱾	2	0			Western Odisha, India		sat	
9698b39cb85f238f1346eea2dba721e4e8fb440bd4d14b632aef84108f02f47d028463a7076a9eb0333b72fab260a9357f045de63eaaa3c7374ce6a692e081ba	common_voice_sat_30487778.mp3	ᱩᱱᱤᱭᱟᱜ ᱧᱩᱛᱩᱢ ᱫᱚ ᱠᱮᱭᱥᱴᱩᱴᱤᱥ ᱠᱟᱱᱟ᱾	4	2			Western Odisha, India		sat	
9698b39cb85f238f1346eea2dba721e4e8fb440bd4d14b632aef84108f02f47d028463a7076a9eb0333b72fab260a9357f045de63eaaa3c7374ce6a692e081ba	common_voice_sat_30493009.mp3	ᱩᱱᱤᱭᱟᱜ ᱧᱩᱛᱩᱢ ᱫᱚ ᱠᱷᱟᱲᱮᱢᱟ ᱠᱟᱱᱟ᱾	2	0	twenties	male	Western Odisha, India		sat	
9698b39cb85f238f1346eea2dba721e4e8fb440bd4d14b632aef84108f02f47d028463a7076a9eb0333b72fab260a9357f045de63eaaa3c7374ce6a692e081ba	common_voice_sat_30493010.mp3	ᱩᱱᱤᱭᱟᱜ ᱧᱩᱛᱩᱢ ᱫᱚ ᱠᱤᱱᱜᱮᱥᱞᱮᱭ ᱠᱟᱱᱟ᱾	2	0	twenties	male	Western Odisha, India		sat	
9698b39cb85f238f1346eea2dba721e4e8fb440bd4d14b632aef84108f02f47d028463a7076a9eb0333b72fab260a9357f045de63eaaa3c7374ce6a692e081ba	common_voice_sat_30493011.mp3	ᱩᱱᱤᱭᱟᱜ ᱧᱩᱛᱩᱢ ᱫᱚ ᱠᱮᱞᱤᱭᱟᱱ ᱠᱟᱱᱟ᱾	4	0	twenties	male	Western Odisha, India		sat	
9698b39cb85f238f1346eea2dba721e4e8fb440bd4d14b632aef84108f02f47d028463a7076a9eb0333b72fab260a9357f045de63eaaa3c7374ce6a692e081ba	common_voice_sat_30493012.mp3	ᱩᱱᱤᱭᱟᱜ ᱧᱩᱛᱩᱢ ᱫᱚ ᱠᱤᱠᱤᱶᱟᱨᱟᱠᱤᱥ ᱠᱟᱱᱟ᱾	4	0	twenties	male	Western Odisha, India		sat	
9698b39cb85f238f1346eea2dba721e4e8fb440bd4d14b632aef84108f02f47d028463a7076a9eb0333b72fab260a9357f045de63eaaa3c7374ce6a692e081ba	common_voice_sat_30493013.mp3	ᱩᱱᱤᱭᱟᱜ ᱧᱩᱛᱩᱢ ᱫᱚ ᱠᱤᱣᱮᱨᱤᱭᱟ ᱠᱟᱱᱟ᱾	2	0	twenties	male	Western Odisha, India		sat	
9698b39cb85f238f1346eea2dba721e4e8fb440bd4d14b632aef84108f02f47d028463a7076a9eb0333b72fab260a9357f045de63eaaa3c7374ce6a692e081ba	common_voice_sat_30493014.mp3	ᱩᱱᱤᱭᱟᱜ ᱧᱩᱛᱩᱢ ᱫᱚ ᱠᱤᱢᱚᱱᱤ ᱠᱟᱱᱟ᱾	2	0	twenties	male	Western Odisha, India		sat	
9698b39cb85f238f1346eea2dba721e4e8fb440bd4d14b632aef84108f02f47d028463a7076a9eb0333b72fab260a9357f045de63eaaa3c7374ce6a692e081ba	common_voice_sat_30493015.mp3	ᱩᱱᱤᱭᱟᱜ ᱧᱩᱛᱩᱢ ᱫᱚ ᱠᱮᱴᱡᱮ ᱠᱟᱱᱟ᱾	2	0	twenties	male	Western Odisha, India		sat	
9698b39cb85f238f1346eea2dba721e4e8fb440bd4d14b632aef84108f02f47d028463a7076a9eb0333b72fab260a9357f045de63eaaa3c7374ce6a692e081ba	common_voice_sat_30493016.mp3	ᱩᱱᱤᱭᱟᱜ ᱧᱩᱛᱩᱢ ᱫᱚ ᱠᱮᱞᱴᱤᱱ ᱠᱟᱱᱟ᱾	4	0	twenties	male	Western Odisha, India		sat	
9698b39cb85f238f1346eea2dba721e4e8fb440bd4d14b632aef84108f02f47d028463a7076a9eb0333b72fab260a9357f045de63eaaa3c7374ce6a692e081ba	common_voice_sat_30493017.mp3	ᱤᱧᱟᱜ ᱠᱷᱟᱛᱟ ᱨᱮ ᱢᱤᱫᱥᱟᱭ ᱯᱩᱱᱜᱮᱞ ᱟᱨᱮ ᱴᱟᱠᱟ ᱢᱮᱱᱟᱜᱼᱟ᱾	2	0	twenties	male	Western Odisha, India		sat	
9698b39cb85f238f1346eea2dba721e4e8fb440bd4d14b632aef84108f02f47d028463a7076a9eb0333b72fab260a9357f045de63eaaa3c7374ce6a692e081ba	common_voice_sat_30493018.mp3	ᱩᱱᱤᱭᱟᱜ ᱧᱩᱛᱩᱢ ᱫᱚ ᱠᱟᱭᱶᱚᱱ ᱠᱟᱱᱟ᱾	4	0	twenties	male	Western Odisha, India		sat	
9698b39cb85f238f1346eea2dba721e4e8fb440bd4d14b632aef84108f02f47d028463a7076a9eb0333b72fab260a9357f045de63eaaa3c7374ce6a692e081ba	common_voice_sat_30501543.mp3	ᱩᱱᱤᱭᱟᱜ ᱧᱩᱛᱩᱢ ᱫᱚ ᱠᱤᱢᱚᱨᱤᱭᱟ ᱠᱟᱱᱟ᱾	4	0	twenties	male	Western Odisha, India		sat	
9698b39cb85f238f1346eea2dba721e4e8fb440bd4d14b632aef84108f02f47d028463a7076a9eb0333b72fab260a9357f045de63eaaa3c7374ce6a692e081ba	common_voice_sat_30501544.mp3	ᱩᱱᱤᱭᱟᱜ ᱧᱩᱛᱩᱢ ᱫᱚ ᱠᱮᱶᱤᱱᱤᱥᱦᱟ ᱠᱟᱱᱟ᱾	2	0	twenties	male	Western Odisha, India		sat	
9698b39cb85f238f1346eea2dba721e4e8fb440bd4d14b632aef84108f02f47d028463a7076a9eb0333b72fab260a9357f045de63eaaa3c7374ce6a692e081ba	common_voice_sat_30501545.mp3	ᱩᱱᱤᱭᱟᱜ ᱧᱩᱛᱩᱢ ᱫᱚ ᱠᱮᱞᱟᱹᱭᱥᱮ ᱠᱟᱱᱟ᱾	2	0	twenties	male	Western Odisha, India		sat	
9698b39cb85f238f1346eea2dba721e4e8fb440bd4d14b632aef84108f02f47d028463a7076a9eb0333b72fab260a9357f045de63eaaa3c7374ce6a692e081ba	common_voice_sat_30501547.mp3	ᱩᱱᱤᱭᱟᱜ ᱧᱩᱛᱩᱢ ᱫᱚ ᱠᱮᱨᱶᱤᱱ ᱠᱟᱱᱟ᱾	2	0	twenties	male	Western Odisha, India		sat	
9698b39cb85f238f1346eea2dba721e4e8fb440bd4d14b632aef84108f02f47d028463a7076a9eb0333b72fab260a9357f045de63eaaa3c7374ce6a692e081ba	common_voice_sat_30501550.mp3	ᱩᱱᱤᱭᱟᱜ ᱧᱩᱛᱩᱢ ᱫᱚ ᱠᱮᱱᱮᱠᱟ ᱠᱟᱱᱟ᱾	4	0	twenties	male	Western Odisha, India		sat	
9698b39cb85f238f1346eea2dba721e4e8fb440bd4d14b632aef84108f02f47d028463a7076a9eb0333b72fab260a9357f045de63eaaa3c7374ce6a692e081ba	common_voice_sat_30501563.mp3	ᱩᱱᱤᱭᱟᱜ ᱧᱩᱛᱩᱢ ᱫᱚ ᱠᱷᱤᱭᱟᱱ ᱠᱟᱱᱟ᱾	4	0	twenties	male	Western Odisha, India		sat	
9698b39cb85f238f1346eea2dba721e4e8fb440bd4d14b632aef84108f02f47d028463a7076a9eb0333b72fab260a9357f045de63eaaa3c7374ce6a692e081ba	common_voice_sat_30501564.mp3	ᱩᱱᱤᱭᱟᱜ ᱧᱩᱛᱩᱢ ᱫᱚ ᱠᱚᱣᱮᱰᱭ ᱠᱟᱱᱟ᱾	2	0	twenties	male	Western Odisha, India		sat	
9698b39cb85f238f1346eea2dba721e4e8fb440bd4d14b632aef84108f02f47d028463a7076a9eb0333b72fab260a9357f045de63eaaa3c7374ce6a692e081ba	common_voice_sat_30501565.mp3	ᱩᱱᱤᱭᱟᱜ ᱧᱩᱛᱩᱢ ᱫᱚ ᱠᱮᱭᱤᱭᱟᱱᱟ ᱠᱟᱱᱟ᱾	2	0	twenties	male	Western Odisha, India		sat	
9698b39cb85f238f1346eea2dba721e4e8fb440bd4d14b632aef84108f02f47d028463a7076a9eb0333b72fab260a9357f045de63eaaa3c7374ce6a692e081ba	common_voice_sat_30501566.mp3	ᱩᱱᱤᱭᱟᱜ ᱧᱩᱛᱩᱢ ᱫᱚ ᱠᱷᱟᱣᱟᱡᱟ ᱠᱟᱱᱟ᱾	2	0	twenties	male	Western Odisha, India		sat	
9698b39cb85f238f1346eea2dba721e4e8fb440bd4d14b632aef84108f02f47d028463a7076a9eb0333b72fab260a9357f045de63eaaa3c7374ce6a692e081ba	common_voice_sat_30501567.mp3	ᱩᱱᱤᱭᱟᱜ ᱧᱩᱛᱩᱢ ᱫᱚ ᱠᱮᱱᱲᱞᱤ ᱠᱟᱱᱟ᱾	2	0	twenties	male	Western Odisha, India		sat	
9698b39cb85f238f1346eea2dba721e4e8fb440bd4d14b632aef84108f02f47d028463a7076a9eb0333b72fab260a9357f045de63eaaa3c7374ce6a692e081ba	common_voice_sat_30661091.mp3	ᱩᱱᱤᱭᱟᱜ ᱧᱩᱛᱩᱢ ᱫᱚ ᱠᱮᱱᱭᱮᱴᱮ ᱠᱟᱱᱟ᱾	2	0	twenties	male	Western Odisha, India		sat	
9698b39cb85f238f1346eea2dba721e4e8fb440bd4d14b632aef84108f02f47d028463a7076a9eb0333b72fab260a9357f045de63eaaa3c7374ce6a692e081ba	common_voice_sat_30661092.mp3	ᱩᱱᱤᱭᱟᱜ ᱧᱩᱛᱩᱢ ᱫᱚ ᱠᱮᱱᱰᱨᱭᱠ ᱠᱟᱱᱟ᱾	2	0	twenties	male	Western Odisha, India		sat	
9698b39cb85f238f1346eea2dba721e4e8fb440bd4d14b632aef84108f02f47d028463a7076a9eb0333b72fab260a9357f045de63eaaa3c7374ce6a692e081ba	common_voice_sat_30661093.mp3	ᱤᱧ ᱴᱷᱮᱱ ᱢᱤᱫᱥᱟᱭ ᱮᱭᱟᱭᱜᱮᱞ ᱢᱤᱫ ᱴᱟᱠᱟ ᱢᱮᱱᱟᱜᱼᱟ᱾	2	0	twenties	male	Western Odisha, India		sat	
9698b39cb85f238f1346eea2dba721e4e8fb440bd4d14b632aef84108f02f47d028463a7076a9eb0333b72fab260a9357f045de63eaaa3c7374ce6a692e081ba	common_voice_sat_30661094.mp3	ᱯᱟᱹᱨᱥᱩᱞᱮᱱ ᱫᱚ ᱟᱹᱲᱤ ᱡᱤᱭᱟᱹᱲ ᱫᱟᱨᱮ ᱠᱟᱱᱟ ᱾	2	0	twenties	male	Western Odisha, India		sat	
9698b39cb85f238f1346eea2dba721e4e8fb440bd4d14b632aef84108f02f47d028463a7076a9eb0333b72fab260a9357f045de63eaaa3c7374ce6a692e081ba	common_voice_sat_30661096.mp3	ᱩᱱᱤᱭᱟᱜ ᱧᱩᱛᱩᱢ ᱫᱚ ᱠᱤᱭᱟ ᱠᱟᱱᱟ᱾	2	0	twenties	male	Western Odisha, India		sat	
9698b39cb85f238f1346eea2dba721e4e8fb440bd4d14b632aef84108f02f47d028463a7076a9eb0333b72fab260a9357f045de63eaaa3c7374ce6a692e081ba	common_voice_sat_30677866.mp3	ᱩᱱᱤᱭᱟᱜ ᱧᱩᱛᱩᱢ ᱫᱚ ᱠᱞᱟᱡᱰᱤ ᱠᱟᱱᱟ᱾	4	0	twenties	male	Western Odisha, India		sat	
9698b39cb85f238f1346eea2dba721e4e8fb440bd4d14b632aef84108f02f47d028463a7076a9eb0333b72fab260a9357f045de63eaaa3c7374ce6a692e081ba	common_voice_sat_30677867.mp3	ᱟᱡ ᱵᱟᱵᱟ ᱢᱤᱫᱥᱟᱭ ᱢᱚᱬᱮᱜᱮᱞ ᱤᱨᱟᱹᱞ ᱴᱟᱠᱟ ᱮᱢᱟ ᱫᱮᱭᱟᱭ᱾	2	0	twenties	male	Western Odisha, India		sat	
9698b39cb85f238f1346eea2dba721e4e8fb440bd4d14b632aef84108f02f47d028463a7076a9eb0333b72fab260a9357f045de63eaaa3c7374ce6a692e081ba	common_voice_sat_30677868.mp3	ᱩᱱᱤᱭᱟᱜ ᱧᱩᱛᱩᱢ ᱫᱚ ᱠᱮᱭᱢᱚᱱ ᱠᱟᱱᱟ᱾	4	0	twenties	male	Western Odisha, India		sat	
9698b39cb85f238f1346eea2dba721e4e8fb440bd4d14b632aef84108f02f47d028463a7076a9eb0333b72fab260a9357f045de63eaaa3c7374ce6a692e081ba	common_voice_sat_30677869.mp3	ᱟᱡ ᱵᱟᱵᱟ ᱢᱤᱫᱥᱟᱭ ᱮᱭᱟᱭᱜᱮᱞ ᱢᱤᱫ ᱴᱟᱠᱟ ᱮᱢᱟ ᱫᱮᱭᱟᱭ᱾	2	0	twenties	male	Western Odisha, India		sat	
9698b39cb85f238f1346eea2dba721e4e8fb440bd4d14b632aef84108f02f47d028463a7076a9eb0333b72fab260a9357f045de63eaaa3c7374ce6a692e081ba	common_voice_sat_30677870.mp3	ᱩᱱᱤᱭᱟᱜ ᱧᱩᱛᱩᱢ ᱫᱚ ᱠᱞᱮᱭᱟᱱᱴᱷᱤᱥ ᱠᱟᱱᱟ᱾	2	0	twenties	male	Western Odisha, India		sat	
9698b39cb85f238f1346eea2dba721e4e8fb440bd4d14b632aef84108f02f47d028463a7076a9eb0333b72fab260a9357f045de63eaaa3c7374ce6a692e081ba	common_voice_sat_30677897.mp3	ᱩᱱᱤᱭᱟᱜ ᱧᱩᱛᱩᱢ ᱫᱚ ᱠᱤᱨᱟᱴᱥᱚᱣ ᱠᱟᱱᱟ᱾	2	0	twenties	male	Western Odisha, India		sat	
9698b39cb85f238f1346eea2dba721e4e8fb440bd4d14b632aef84108f02f47d028463a7076a9eb0333b72fab260a9357f045de63eaaa3c7374ce6a692e081ba	common_voice_sat_30677898.mp3	ᱩᱱᱤᱭᱟᱜ ᱧᱩᱛᱩᱢ ᱫᱚ ᱠᱷᱟᱞᱮᱭᱟᱞ ᱠᱟᱱᱟ᱾	2	0	twenties	male	Western Odisha, India		sat	
9698b39cb85f238f1346eea2dba721e4e8fb440bd4d14b632aef84108f02f47d028463a7076a9eb0333b72fab260a9357f045de63eaaa3c7374ce6a692e081ba	common_voice_sat_30677899.mp3	ᱩᱱᱤᱭᱟᱜ ᱧᱩᱛᱩᱢ ᱫᱚ ᱠᱮᱴᱚᱱ ᱠᱟᱱᱟ᱾	2	0	twenties	male	Western Odisha, India		sat	
9698b39cb85f238f1346eea2dba721e4e8fb440bd4d14b632aef84108f02f47d028463a7076a9eb0333b72fab260a9357f045de63eaaa3c7374ce6a692e081ba	common_voice_sat_30677900.mp3	ᱩᱱᱤᱭᱟᱜ ᱧᱩᱛᱩᱢ ᱫᱚ ᱠᱮᱥᱟ ᱠᱟᱱᱟ᱾	4	0	twenties	male	Western Odisha, India		sat	
9698b39cb85f238f1346eea2dba721e4e8fb440bd4d14b632aef84108f02f47d028463a7076a9eb0333b72fab260a9357f045de63eaaa3c7374ce6a692e081ba	common_voice_sat_30677901.mp3	ᱡᱟᱦᱟᱸᱭ ᱫᱚ ᱯᱩᱭᱞᱩ ᱰᱟᱭᱵᱮᱴᱤᱠ ᱛᱟᱦᱮᱸ ᱞᱮᱱ ᱛᱟᱯᱮᱭᱟ ᱥᱮ ᱾	2	0	twenties	male	Western Odisha, India		sat	
9698b39cb85f238f1346eea2dba721e4e8fb440bd4d14b632aef84108f02f47d028463a7076a9eb0333b72fab260a9357f045de63eaaa3c7374ce6a692e081ba	common_voice_sat_30677907.mp3	ᱩᱱᱤᱭᱟᱜ ᱧᱩᱛᱩᱢ ᱫᱚ ᱠᱟᱭᱞᱤᱵ ᱠᱟᱱᱟ᱾	4	0	twenties	male	Western Odisha, India		sat	
9698b39cb85f238f1346eea2dba721e4e8fb440bd4d14b632aef84108f02f47d028463a7076a9eb0333b72fab260a9357f045de63eaaa3c7374ce6a692e081ba	common_voice_sat_30677908.mp3	ᱤᱧ ᱫᱚ ᱠᱷᱟᱹᱞᱤ ᱞᱟᱱᱫᱟ ᱜᱮ ᱥᱮᱱᱟᱹᱧᱼᱟ ᱾	2	0	twenties	male	Western Odisha, India		sat	
9698b39cb85f238f1346eea2dba721e4e8fb440bd4d14b632aef84108f02f47d028463a7076a9eb0333b72fab260a9357f045de63eaaa3c7374ce6a692e081ba	common_voice_sat_30677909.mp3	ᱩᱱᱤᱭᱟᱜ ᱧᱩᱛᱩᱢ ᱫᱚ ᱠᱮᱱᱭᱟᱰᱟ ᱠᱟᱱᱟ᱾	2	0	twenties	male	Western Odisha, India		sat	
9698b39cb85f238f1346eea2dba721e4e8fb440bd4d14b632aef84108f02f47d028463a7076a9eb0333b72fab260a9357f045de63eaaa3c7374ce6a692e081ba	common_voice_sat_30677911.mp3	ᱩᱱᱤᱭᱟᱜ ᱧᱩᱛᱩᱢ ᱫᱚ ᱠᱷᱚᱰᱤᱣᱮ ᱠᱟᱱᱟ᱾	4	0	twenties	male	Western Odisha, India		sat	
9698b39cb85f238f1346eea2dba721e4e8fb440bd4d14b632aef84108f02f47d028463a7076a9eb0333b72fab260a9357f045de63eaaa3c7374ce6a692e081ba	common_voice_sat_30677917.mp3	ᱩᱱᱤᱭᱟᱜ ᱧᱩᱛᱩᱢ ᱫᱚ ᱠᱮᱱᱭᱮᱞ ᱠᱟᱱᱟ᱾	2	0	twenties	male	Western Odisha, India		sat	
9698b39cb85f238f1346eea2dba721e4e8fb440bd4d14b632aef84108f02f47d028463a7076a9eb0333b72fab260a9357f045de63eaaa3c7374ce6a692e081ba	common_voice_sat_30677918.mp3	ᱩᱱᱤᱭᱟᱜ ᱧᱩᱛᱩᱢ ᱫᱚ ᱠᱮᱭᱟᱚᱱ ᱠᱟᱱᱟ᱾	4	0	twenties	male	Western Odisha, India		sat	
9698b39cb85f238f1346eea2dba721e4e8fb440bd4d14b632aef84108f02f47d028463a7076a9eb0333b72fab260a9357f045de63eaaa3c7374ce6a692e081ba	common_voice_sat_30677919.mp3	ᱩᱱᱤᱭᱟᱜ ᱧᱩᱛᱩᱢ ᱫᱚ ᱠᱞᱟᱯ ᱠᱟᱱᱟ᱾	2	0	twenties	male	Western Odisha, India		sat	
9698b39cb85f238f1346eea2dba721e4e8fb440bd4d14b632aef84108f02f47d028463a7076a9eb0333b72fab260a9357f045de63eaaa3c7374ce6a692e081ba	common_voice_sat_30677920.mp3	ᱩᱱᱤᱭᱟᱜ ᱧᱩᱛᱩᱢ ᱫᱚ ᱠᱮᱭᱶᱮᱱ ᱠᱟᱱᱟ᱾	2	0	twenties	male	Western Odisha, India		sat	
9698b39cb85f238f1346eea2dba721e4e8fb440bd4d14b632aef84108f02f47d028463a7076a9eb0333b72fab260a9357f045de63eaaa3c7374ce6a692e081ba	common_voice_sat_30677921.mp3	ᱩᱱᱤᱭᱟᱜ ᱧᱩᱛᱩᱢ ᱫᱚ ᱠᱟᱭᱞᱮᱭᱟᱱᱟ ᱠᱟᱱᱟ᱾	4	0	twenties	male	Western Odisha, India		sat	
9698b39cb85f238f1346eea2dba721e4e8fb440bd4d14b632aef84108f02f47d028463a7076a9eb0333b72fab260a9357f045de63eaaa3c7374ce6a692e081ba	common_voice_sat_31114751.mp3	ᱩᱱᱤᱭᱟᱜ ᱧᱩᱛᱩᱢ ᱫᱚ ᱠᱞᱮᱢᱮᱱᱤᱥᱟᱥ ᱠᱟᱱᱟ᱾	2	0	twenties	male	Western Odisha, India		sat	
9698b39cb85f238f1346eea2dba721e4e8fb440bd4d14b632aef84108f02f47d028463a7076a9eb0333b72fab260a9357f045de63eaaa3c7374ce6a692e081ba	common_voice_sat_31114752.mp3	ᱟᱡ ᱵᱟᱵᱟ ᱟᱨᱮ ᱴᱟᱠᱟ ᱮᱢᱟ ᱫᱮᱭᱟᱭ᱾	2	0	twenties	male	Western Odisha, India		sat	
9698b39cb85f238f1346eea2dba721e4e8fb440bd4d14b632aef84108f02f47d028463a7076a9eb0333b72fab260a9357f045de63eaaa3c7374ce6a692e081ba	common_voice_sat_31114753.mp3	ᱩᱱᱤᱭᱟᱜ ᱧᱩᱛᱩᱢ ᱫᱚ ᱠᱮᱞᱪᱭ ᱠᱟᱱᱟ᱾	2	0	twenties	male	Western Odisha, India		sat	
9698b39cb85f238f1346eea2dba721e4e8fb440bd4d14b632aef84108f02f47d028463a7076a9eb0333b72fab260a9357f045de63eaaa3c7374ce6a692e081ba	common_voice_sat_31114755.mp3	ᱩᱱᱤᱭᱟᱜ ᱧᱩᱛᱩᱢ ᱫᱚ ᱠᱮᱱᱤᱴᱷᱟ ᱠᱟᱱᱟ᱾	4	0	twenties	male	Western Odisha, India		sat	
9698b39cb85f238f1346eea2dba721e4e8fb440bd4d14b632aef84108f02f47d028463a7076a9eb0333b72fab260a9357f045de63eaaa3c7374ce6a692e081ba	common_voice_sat_31114756.mp3	ᱩᱱᱤᱭᱟᱜ ᱧᱩᱛᱩᱢ ᱫᱚ ᱠᱮᱢᱵᱮᱨᱞᱤ ᱠᱟᱱᱟ᱾	4	0	twenties	male	Western Odisha, India		sat	
9698b39cb85f238f1346eea2dba721e4e8fb440bd4d14b632aef84108f02f47d028463a7076a9eb0333b72fab260a9357f045de63eaaa3c7374ce6a692e081ba	common_voice_sat_31784937.mp3	ᱩᱱᱤᱭᱟᱜ ᱧᱩᱛᱩᱢ ᱫᱚ ᱠᱤᱢᱟᱱᱟ ᱠᱟᱱᱟ᱾	2	0	twenties	male	Western Odisha, India		sat	
9698b39cb85f238f1346eea2dba721e4e8fb440bd4d14b632aef84108f02f47d028463a7076a9eb0333b72fab260a9357f045de63eaaa3c7374ce6a692e081ba	common_voice_sat_31784938.mp3	ᱩᱱᱤᱭᱟᱜ ᱧᱩᱛᱩᱢ ᱫᱚ ᱠᱤᱱᱜᱮᱥᱞᱮᱭᱜᱷ ᱠᱟᱱᱟ᱾	2	0	twenties	male	Western Odisha, India		sat	
9698b39cb85f238f1346eea2dba721e4e8fb440bd4d14b632aef84108f02f47d028463a7076a9eb0333b72fab260a9357f045de63eaaa3c7374ce6a692e081ba	common_voice_sat_31784939.mp3	ᱩᱱᱤᱭᱟᱜ ᱧᱩᱛᱩᱢ ᱫᱚ ᱠᱮᱞᱤᱭᱟᱱᱟ ᱠᱟᱱᱟ᱾	2	0	twenties	male	Western Odisha, India		sat	
9698b39cb85f238f1346eea2dba721e4e8fb440bd4d14b632aef84108f02f47d028463a7076a9eb0333b72fab260a9357f045de63eaaa3c7374ce6a692e081ba	common_voice_sat_31784940.mp3	ᱟᱡ ᱵᱟᱵᱟ ᱯᱮᱜᱮᱞ ᱯᱮ ᱴᱟᱠᱟ ᱮᱢᱟ ᱫᱮᱭᱟᱭ᱾	2	0	twenties	male	Western Odisha, India		sat	
9698b39cb85f238f1346eea2dba721e4e8fb440bd4d14b632aef84108f02f47d028463a7076a9eb0333b72fab260a9357f045de63eaaa3c7374ce6a692e081ba	common_voice_sat_31784941.mp3	ᱩᱱᱤᱭᱟᱜ ᱧᱩᱛᱩᱢ ᱫᱚ ᱠᱤᱯᱴᱚᱱ ᱠᱟᱱᱟ᱾	2	0	twenties	male	Western Odisha, India		sat	
9698b39cb85f238f1346eea2dba721e4e8fb440bd4d14b632aef84108f02f47d028463a7076a9eb0333b72fab260a9357f045de63eaaa3c7374ce6a692e081ba	common_voice_sat_31784952.mp3	ᱩᱱᱤᱭᱟᱜ ᱧᱩᱛᱩᱢ ᱫᱚ ᱠᱮᱥᱞᱮᱭᱜᱷ ᱠᱟᱱᱟ᱾	4	0	twenties	male	Western Odisha, India		sat	
9698b39cb85f238f1346eea2dba721e4e8fb440bd4d14b632aef84108f02f47d028463a7076a9eb0333b72fab260a9357f045de63eaaa3c7374ce6a692e081ba	common_voice_sat_31784953.mp3	ᱡᱩᱞ ᱡᱚᱢ ᱟᱹᱰᱤ ᱠᱩᱥᱤᱭᱟᱜᱟᱹᱧ ᱾	4	0	twenties	male	Western Odisha, India		sat	
9698b39cb85f238f1346eea2dba721e4e8fb440bd4d14b632aef84108f02f47d028463a7076a9eb0333b72fab260a9357f045de63eaaa3c7374ce6a692e081ba	common_voice_sat_31784954.mp3	ᱩᱱᱤᱭᱟᱜ ᱧᱩᱛᱩᱢ ᱫᱚ ᱠᱮᱱᱤᱭᱟᱦ ᱠᱟᱱᱟ᱾	2	0	twenties	male	Western Odisha, India		sat	
9698b39cb85f238f1346eea2dba721e4e8fb440bd4d14b632aef84108f02f47d028463a7076a9eb0333b72fab260a9357f045de63eaaa3c7374ce6a692e081ba	common_voice_sat_31784955.mp3	ᱩᱱᱤᱭᱟᱜ ᱧᱩᱛᱩᱢ ᱫᱚ ᱠᱮᱨᱥᱴᱭᱤᱱ ᱠᱟᱱᱟ᱾	2	0	twenties	male	Western Odisha, India		sat	
9698b39cb85f238f1346eea2dba721e4e8fb440bd4d14b632aef84108f02f47d028463a7076a9eb0333b72fab260a9357f045de63eaaa3c7374ce6a692e081ba	common_voice_sat_31784956.mp3	ᱵᱮᱠ ᱴᱷᱮᱱ ᱢᱤᱫᱥᱟᱭ ᱯᱮᱜᱮᱞ ᱮᱭᱟᱭ ᱴᱟᱠᱟ ᱜᱮ ᱥᱟᱨᱮᱡ ᱠᱟᱱᱟ᱾	2	0	twenties	male	Western Odisha, India		sat	
9698b39cb85f238f1346eea2dba721e4e8fb440bd4d14b632aef84108f02f47d028463a7076a9eb0333b72fab260a9357f045de63eaaa3c7374ce6a692e081ba	common_voice_sat_31784976.mp3	ᱩᱱᱤᱭᱟᱜ ᱧᱩᱛᱩᱢ ᱫᱚ ᱠᱮᱢᱨᱭ ᱠᱟᱱᱟ᱾	2	0	twenties	male	Western Odisha, India		sat	
9698b39cb85f238f1346eea2dba721e4e8fb440bd4d14b632aef84108f02f47d028463a7076a9eb0333b72fab260a9357f045de63eaaa3c7374ce6a692e081ba	common_voice_sat_31784977.mp3	ᱩᱱᱤᱭᱟᱜ ᱧᱩᱛᱩᱢ ᱫᱚ ᱠᱤᱲᱭ ᱠᱟᱱᱟ᱾	2	0	twenties	male	Western Odisha, India		sat	
9698b39cb85f238f1346eea2dba721e4e8fb440bd4d14b632aef84108f02f47d028463a7076a9eb0333b72fab260a9357f045de63eaaa3c7374ce6a692e081ba	common_voice_sat_31784978.mp3	ᱩᱱᱤᱭᱟᱜ ᱧᱩᱛᱩᱢ ᱫᱚ ᱠᱷᱟᱞᱮᱥᱟ ᱠᱟᱱᱟ᱾	2	0	twenties	male	Western Odisha, India		sat	
9698b39cb85f238f1346eea2dba721e4e8fb440bd4d14b632aef84108f02f47d028463a7076a9eb0333b72fab260a9357f045de63eaaa3c7374ce6a692e081ba	common_voice_sat_31784979.mp3	ᱤᱧᱟᱜ ᱵᱚᱦᱚᱜ ᱨᱮ ᱢᱤᱫᱥᱟᱭ ᱯᱩᱱᱜᱮᱞ ᱤᱨᱟᱹᱞ ᱜᱚᱴᱟᱝ ᱩᱵ ᱢᱮᱱᱟᱜᱼᱟ᱾	4	0	twenties	male	Western Odisha, India		sat	
9698b39cb85f238f1346eea2dba721e4e8fb440bd4d14b632aef84108f02f47d028463a7076a9eb0333b72fab260a9357f045de63eaaa3c7374ce6a692e081ba	common_voice_sat_31784980.mp3	ᱩᱱᱤᱭᱟᱜ ᱧᱩᱛᱩᱢ ᱫᱚ ᱠᱮᱨᱠᱞᱤᱱ ᱠᱟᱱᱟ᱾	2	0	twenties	male	Western Odisha, India		sat	
9698b39cb85f238f1346eea2dba721e4e8fb440bd4d14b632aef84108f02f47d028463a7076a9eb0333b72fab260a9357f045de63eaaa3c7374ce6a692e081ba	common_voice_sat_31785183.mp3	ᱟᱡ ᱵᱟᱵᱟ ᱢᱤᱫᱥᱟᱭ ᱢᱤᱫᱜᱮᱞ ᱯᱩᱱ ᱴᱟᱠᱟ ᱮᱢᱟ ᱫᱮᱭᱟᱭ᱾	4	0	twenties	male	Western Odisha, India		sat	
9698b39cb85f238f1346eea2dba721e4e8fb440bd4d14b632aef84108f02f47d028463a7076a9eb0333b72fab260a9357f045de63eaaa3c7374ce6a692e081ba	common_voice_sat_31785184.mp3	ᱩᱱᱤᱭᱟᱜ ᱧᱩᱛᱩᱢ ᱫᱚ ᱠᱷᱤᱲᱨᱟ ᱠᱟᱱᱟ᱾	2	0	twenties	male	Western Odisha, India		sat	
9698b39cb85f238f1346eea2dba721e4e8fb440bd4d14b632aef84108f02f47d028463a7076a9eb0333b72fab260a9357f045de63eaaa3c7374ce6a692e081ba	common_voice_sat_31785185.mp3	ᱩᱱᱤᱭᱟᱜ ᱧᱩᱛᱩᱢ ᱫᱚ ᱠᱚᱰᱭ ᱠᱟᱱᱟ᱾	2	0	twenties	male	Western Odisha, India		sat	
9698b39cb85f238f1346eea2dba721e4e8fb440bd4d14b632aef84108f02f47d028463a7076a9eb0333b72fab260a9357f045de63eaaa3c7374ce6a692e081ba	common_voice_sat_31785186.mp3	ᱩᱱᱤᱭᱟᱜ ᱧᱩᱛᱩᱢ ᱫᱚ ᱠᱮᱩᱱ ᱠᱟᱱᱟ᱾	2	0	twenties	male	Western Odisha, India		sat	
9698b39cb85f238f1346eea2dba721e4e8fb440bd4d14b632aef84108f02f47d028463a7076a9eb0333b72fab260a9357f045de63eaaa3c7374ce6a692e081ba	common_voice_sat_31785187.mp3	ᱩᱱᱤᱭᱟᱜ ᱧᱩᱛᱩᱢ ᱫᱚ ᱠᱮᱥᱦᱟᱱᱴᱮ ᱠᱟᱱᱟ᱾	2	0	twenties	male	Western Odisha, India		sat	
9698b39cb85f238f1346eea2dba721e4e8fb440bd4d14b632aef84108f02f47d028463a7076a9eb0333b72fab260a9357f045de63eaaa3c7374ce6a692e081ba	common_voice_sat_31785193.mp3	ᱩᱱᱤᱭᱟᱜ ᱧᱩᱛᱩᱢ ᱫᱚ ᱠᱮᱞᱶᱮᱣᱱ ᱠᱟᱱᱟ᱾	2	0	twenties	male	Western Odisha, India		sat	
9698b39cb85f238f1346eea2dba721e4e8fb440bd4d14b632aef84108f02f47d028463a7076a9eb0333b72fab260a9357f045de63eaaa3c7374ce6a692e081ba	common_voice_sat_31785194.mp3	ᱤᱧᱟᱜ ᱵᱚᱦᱚᱜ ᱨᱮ ᱢᱤᱫᱥᱟᱭ ᱮᱭᱟᱭᱜᱮᱞ ᱟᱨᱮ ᱜᱚᱴᱟᱝ ᱩᱵ ᱢᱮᱱᱟᱜᱼᱟ᱾	2	0	twenties	male	Western Odisha, India		sat	
9698b39cb85f238f1346eea2dba721e4e8fb440bd4d14b632aef84108f02f47d028463a7076a9eb0333b72fab260a9357f045de63eaaa3c7374ce6a692e081ba	common_voice_sat_31785195.mp3	ᱩᱱᱤᱭᱟᱜ ᱧᱩᱛᱩᱢ ᱫᱚ ᱠᱮᱭᱴᱷᱟᱱ ᱠᱟᱱᱟ᱾	2	0	twenties	male	Western Odisha, India		sat	
9698b39cb85f238f1346eea2dba721e4e8fb440bd4d14b632aef84108f02f47d028463a7076a9eb0333b72fab260a9357f045de63eaaa3c7374ce6a692e081ba	common_voice_sat_31785196.mp3	ᱩᱱᱤᱭᱟᱜ ᱧᱩᱛᱩᱢ ᱫᱚ ᱠᱞᱮᱢᱮᱱᱴᱭᱤᱱᱟ ᱠᱟᱱᱟ᱾	2	0	twenties	male	Western Odisha, India		sat	
9698b39cb85f238f1346eea2dba721e4e8fb440bd4d14b632aef84108f02f47d028463a7076a9eb0333b72fab260a9357f045de63eaaa3c7374ce6a692e081ba	common_voice_sat_31785197.mp3	ᱩᱱᱤᱭᱟᱜ ᱧᱩᱛᱩᱢ ᱫᱚ ᱠᱤᱪᱷᱤ ᱠᱟᱱᱟ᱾	2	0	twenties	male	Western Odisha, India		sat	
9698b39cb85f238f1346eea2dba721e4e8fb440bd4d14b632aef84108f02f47d028463a7076a9eb0333b72fab260a9357f045de63eaaa3c7374ce6a692e081ba	common_voice_sat_31785203.mp3	ᱵᱤᱝ ᱫᱚ ᱩᱱᱤ ᱦᱚᱲ ᱵᱤᱨ ᱨᱮ ᱟᱲᱟᱜ ᱠᱮᱫᱮᱟᱭ ᱾	2	0	twenties	male	Western Odisha, India		sat	
9698b39cb85f238f1346eea2dba721e4e8fb440bd4d14b632aef84108f02f47d028463a7076a9eb0333b72fab260a9357f045de63eaaa3c7374ce6a692e081ba	common_voice_sat_31785204.mp3	ᱩᱱᱤᱭᱟᱜ ᱧᱩᱛᱩᱢ ᱫᱚ ᱠᱮᱭᱥᱦᱚᱱ ᱠᱟᱱᱟ᱾	4	0	twenties	male	Western Odisha, India		sat	
9698b39cb85f238f1346eea2dba721e4e8fb440bd4d14b632aef84108f02f47d028463a7076a9eb0333b72fab260a9357f045de63eaaa3c7374ce6a692e081ba	common_voice_sat_31785205.mp3	ᱟᱡ ᱵᱟᱵᱟ ᱢᱤᱫᱥᱟᱭ ᱯᱮᱜᱮᱞ ᱯᱮ ᱴᱟᱠᱟ ᱮᱢᱟ ᱫᱮᱭᱟᱭ᱾	2	0	twenties	male	Western Odisha, India		sat	
9698b39cb85f238f1346eea2dba721e4e8fb440bd4d14b632aef84108f02f47d028463a7076a9eb0333b72fab260a9357f045de63eaaa3c7374ce6a692e081ba	common_voice_sat_31785206.mp3	ᱩᱱᱤᱭᱟᱜ ᱧᱩᱛᱩᱢ ᱫᱚ ᱠᱮᱞᱤᱥᱮ ᱠᱟᱱᱟ᱾	2	0	twenties	male	Western Odisha, India		sat	
9698b39cb85f238f1346eea2dba721e4e8fb440bd4d14b632aef84108f02f47d028463a7076a9eb0333b72fab260a9357f045de63eaaa3c7374ce6a692e081ba	common_voice_sat_32191737.mp3	ᱩᱱᱤᱭᱟᱜ ᱧᱩᱛᱩᱢ ᱫᱚ ᱠᱮᱭᱴᱟ ᱠᱟᱱᱟ᱾	4	0	twenties	male	Western Odisha, India		sat	
9698b39cb85f238f1346eea2dba721e4e8fb440bd4d14b632aef84108f02f47d028463a7076a9eb0333b72fab260a9357f045de63eaaa3c7374ce6a692e081ba	common_voice_sat_32191738.mp3	ᱩᱱᱤᱭᱟᱜ ᱧᱩᱛᱩᱢ ᱫᱚ ᱠᱤᱭᱟᱜᱷᱱ ᱠᱟᱱᱟ᱾	2	0	twenties	male	Western Odisha, India		sat	
9698b39cb85f238f1346eea2dba721e4e8fb440bd4d14b632aef84108f02f47d028463a7076a9eb0333b72fab260a9357f045de63eaaa3c7374ce6a692e081ba	common_voice_sat_32191739.mp3	ᱤᱧᱟᱜ ᱵᱚᱦᱚᱜ ᱨᱮ ᱢᱤᱫᱥᱟᱭ ᱛᱩᱨᱩᱭᱜᱮᱞ ᱯᱮ ᱜᱚᱴᱟᱝ ᱩᱵ ᱢᱮᱱᱟᱜᱼᱟ᱾	2	0	twenties	male	Western Odisha, India		sat	
9698b39cb85f238f1346eea2dba721e4e8fb440bd4d14b632aef84108f02f47d028463a7076a9eb0333b72fab260a9357f045de63eaaa3c7374ce6a692e081ba	common_voice_sat_32191740.mp3	ᱩᱱᱤᱭᱟᱜ ᱧᱩᱛᱩᱢ ᱫᱚ ᱠᱮᱭᱰᱨᱟ ᱠᱟᱱᱟ᱾	4	0	twenties	male	Western Odisha, India		sat	
9698b39cb85f238f1346eea2dba721e4e8fb440bd4d14b632aef84108f02f47d028463a7076a9eb0333b72fab260a9357f045de63eaaa3c7374ce6a692e081ba	common_voice_sat_32191741.mp3	ᱩᱱᱤᱭᱟᱜ ᱧᱩᱛᱩᱢ ᱫᱚ ᱠᱟᱱᱚᱣᱮᱞᱮ ᱠᱟᱱᱟ᱾	2	0	twenties	male	Western Odisha, India		sat	
9698b39cb85f238f1346eea2dba721e4e8fb440bd4d14b632aef84108f02f47d028463a7076a9eb0333b72fab260a9357f045de63eaaa3c7374ce6a692e081ba	common_voice_sat_32385198.mp3	ᱵᱮᱠ ᱴᱷᱮᱱ ᱢᱤᱫᱥᱟᱭ ᱟᱨᱮ ᱜᱮᱞ ᱟᱨᱮ ᱴᱟᱠᱟ ᱜᱮ ᱥᱟᱨᱮᱡ ᱠᱟᱱᱟ᱾	4	2	twenties	male	Western Odisha, India		sat	
9698b39cb85f238f1346eea2dba721e4e8fb440bd4d14b632aef84108f02f47d028463a7076a9eb0333b72fab260a9357f045de63eaaa3c7374ce6a692e081ba	common_voice_sat_32385199.mp3	ᱥᱟᱦᱴᱟᱹ ᱯᱤᱪᱷᱟᱹ ᱛᱮᱞᱟ	2	0	twenties	male	Western Odisha, India		sat	
9698b39cb85f238f1346eea2dba721e4e8fb440bd4d14b632aef84108f02f47d028463a7076a9eb0333b72fab260a9357f045de63eaaa3c7374ce6a692e081ba	common_voice_sat_32385200.mp3	ᱟᱡ ᱵᱟᱵᱟ ᱢᱤᱫᱥᱟᱭ ᱤᱨᱟᱹᱞᱜᱮᱞ ᱛᱩᱨᱩᱭ ᱴᱟᱠᱟ ᱮᱢᱟ ᱫᱮᱭᱟᱭ᱾	2	0	twenties	male	Western Odisha, India		sat	
9698b39cb85f238f1346eea2dba721e4e8fb440bd4d14b632aef84108f02f47d028463a7076a9eb0333b72fab260a9357f045de63eaaa3c7374ce6a692e081ba	common_voice_sat_32385201.mp3	ᱩᱱᱤᱭᱟᱜ ᱧᱩᱛᱩᱢ ᱫᱚ ᱠᱞᱟᱭᱥ ᱠᱟᱱᱟ᱾	4	0	twenties	male	Western Odisha, India		sat	
9698b39cb85f238f1346eea2dba721e4e8fb440bd4d14b632aef84108f02f47d028463a7076a9eb0333b72fab260a9357f045de63eaaa3c7374ce6a692e081ba	common_voice_sat_32385202.mp3	ᱩᱱᱤᱭᱟᱜ ᱧᱩᱛᱩᱢ ᱫᱚ ᱠᱷᱟᱭᱟ ᱠᱟᱱᱟ᱾	2	0	twenties	male	Western Odisha, India		sat	
9698b39cb85f238f1346eea2dba721e4e8fb440bd4d14b632aef84108f02f47d028463a7076a9eb0333b72fab260a9357f045de63eaaa3c7374ce6a692e081ba	common_voice_sat_32900483.mp3	ᱩᱱᱤᱭᱟᱜ ᱧᱩᱛᱩᱢ ᱫᱚ ᱠᱮᱢᱚᱱᱤᱣᱮ ᱠᱟᱱᱟ᱾	2	0	twenties	male	Western Odisha, India		sat	
9698b39cb85f238f1346eea2dba721e4e8fb440bd4d14b632aef84108f02f47d028463a7076a9eb0333b72fab260a9357f045de63eaaa3c7374ce6a692e081ba	common_voice_sat_32900488.mp3	ᱵᱮᱠ ᱴᱷᱮᱱ ᱢᱚᱬᱮᱜᱮᱞ ᱮᱭᱟᱭ ᱴᱟᱠᱟ ᱜᱮ ᱥᱟᱨᱮᱡ ᱠᱟᱱᱟ᱾	2	0	twenties	male	Western Odisha, India		sat	
9698b39cb85f238f1346eea2dba721e4e8fb440bd4d14b632aef84108f02f47d028463a7076a9eb0333b72fab260a9357f045de63eaaa3c7374ce6a692e081ba	common_voice_sat_32900625.mp3	ᱩᱱᱤᱭᱟᱜ ᱧᱩᱛᱩᱢ ᱫᱚ ᱠᱟᱭᱥᱱ ᱠᱟᱱᱟ᱾	2	0	twenties	male	Western Odisha, India		sat	
9698b39cb85f238f1346eea2dba721e4e8fb440bd4d14b632aef84108f02f47d028463a7076a9eb0333b72fab260a9357f045de63eaaa3c7374ce6a692e081ba	common_voice_sat_32900627.mp3	ᱩᱱᱤᱭᱟᱜ ᱧᱩᱛᱩᱢ ᱫᱚ ᱠᱤᱨᱚᱱᱰᱮ ᱠᱟᱱᱟ᱾	4	0	twenties	male	Western Odisha, India		sat	
9698b39cb85f238f1346eea2dba721e4e8fb440bd4d14b632aef84108f02f47d028463a7076a9eb0333b72fab260a9357f045de63eaaa3c7374ce6a692e081ba	common_voice_sat_33120175.mp3	ᱩᱱᱤᱭᱟᱜ ᱧᱩᱛᱩᱢ ᱫᱚ ᱠᱮᱭᱥᱦᱟᱣᱱ ᱠᱟᱱᱟ᱾	2	0			Western Odisha, India		sat	
9698b39cb85f238f1346eea2dba721e4e8fb440bd4d14b632aef84108f02f47d028463a7076a9eb0333b72fab260a9357f045de63eaaa3c7374ce6a692e081ba	common_voice_sat_33120177.mp3	ᱩᱱᱤᱭᱟᱜ ᱧᱩᱛᱩᱢ ᱫᱚ ᱠᱤᱭᱟᱡᱟᱦ ᱠᱟᱱᱟ᱾	2	0			Western Odisha, India		sat	
9698b39cb85f238f1346eea2dba721e4e8fb440bd4d14b632aef84108f02f47d028463a7076a9eb0333b72fab260a9357f045de63eaaa3c7374ce6a692e081ba	common_voice_sat_33120354.mp3	ᱟᱡ ᱵᱟᱵᱟ ᱢᱤᱫᱥᱟᱭ ᱵᱟᱨᱜᱮᱞ ᱤᱨᱟᱹᱞ ᱴᱟᱠᱟ ᱮᱢᱟ ᱫᱮᱭᱟᱭ᱾	2	0	twenties	male	Western Odisha, India		sat	
9698b39cb85f238f1346eea2dba721e4e8fb440bd4d14b632aef84108f02f47d028463a7076a9eb0333b72fab260a9357f045de63eaaa3c7374ce6a692e081ba	common_voice_sat_33120355.mp3	ᱩᱱᱤᱭᱟᱜ ᱧᱩᱛᱩᱢ ᱫᱚ ᱠᱞᱤᱱᱜ ᱠᱟᱱᱟ᱾	2	0	twenties	male	Western Odisha, India		sat	
9698b39cb85f238f1346eea2dba721e4e8fb440bd4d14b632aef84108f02f47d028463a7076a9eb0333b72fab260a9357f045de63eaaa3c7374ce6a692e081ba	common_voice_sat_33120356.mp3	ᱩᱱᱤᱭᱟᱜ ᱧᱩᱛᱩᱢ ᱫᱚ ᱠᱞᱤᱢᱮ ᱠᱟᱱᱟ᱾	2	0	twenties	male	Western Odisha, India		sat	
9698b39cb85f238f1346eea2dba721e4e8fb440bd4d14b632aef84108f02f47d028463a7076a9eb0333b72fab260a9357f045de63eaaa3c7374ce6a692e081ba	common_voice_sat_33120370.mp3	ᱩᱱᱤᱭᱟᱜ ᱧᱩᱛᱩᱢ ᱫᱚ ᱠᱮᱯᱞᱮᱨ ᱠᱟᱱᱟ᱾	2	0	twenties	male	Western Odisha, India		sat	
9698b39cb85f238f1346eea2dba721e4e8fb440bd4d14b632aef84108f02f47d028463a7076a9eb0333b72fab260a9357f045de63eaaa3c7374ce6a692e081ba	common_voice_sat_33120381.mp3	ᱩᱱᱤᱭᱟᱜ ᱧᱩᱛᱩᱢ ᱫᱚ ᱠᱤᱢᱟᱨᱤᱭᱟ ᱠᱟᱱᱟ᱾	2	0	twenties	male	Western Odisha, India		sat	
9698b39cb85f238f1346eea2dba721e4e8fb440bd4d14b632aef84108f02f47d028463a7076a9eb0333b72fab260a9357f045de63eaaa3c7374ce6a692e081ba	common_voice_sat_33120382.mp3	ᱠᱚᱡᱚᱨ ᱵᱟᱭ ᱩᱰᱟᱹᱣ ᱞᱮᱱᱟᱭ᱾	2	0	twenties	male	Western Odisha, India		sat	
9698b39cb85f238f1346eea2dba721e4e8fb440bd4d14b632aef84108f02f47d028463a7076a9eb0333b72fab260a9357f045de63eaaa3c7374ce6a692e081ba	common_voice_sat_33120404.mp3	ᱩᱱᱤᱭᱟᱜ ᱧᱩᱛᱩᱢ ᱫᱚ ᱠᱤᱢᱵᱮᱨᱞᱤᱣᱮ ᱠᱟᱱᱟ᱾	2	0	twenties	male	Western Odisha, India		sat	
9698b39cb85f238f1346eea2dba721e4e8fb440bd4d14b632aef84108f02f47d028463a7076a9eb0333b72fab260a9357f045de63eaaa3c7374ce6a692e081ba	common_voice_sat_33120406.mp3	ᱩᱱᱤᱭᱟᱜ ᱧᱩᱛᱩᱢ ᱫᱚ ᱠᱷᱟᱞᱮᱵ ᱠᱟᱱᱟ᱾	2	0	twenties	male	Western Odisha, India		sat	
9698b39cb85f238f1346eea2dba721e4e8fb440bd4d14b632aef84108f02f47d028463a7076a9eb0333b72fab260a9357f045de63eaaa3c7374ce6a692e081ba	common_voice_sat_35002410.mp3	ᱩᱱᱤᱭᱟᱜ ᱧᱩᱛᱩᱢ ᱫᱚ ᱠᱮᱥᱴᱤᱱ ᱠᱟᱱᱟ᱾	4	0			Western Odisha, India		sat	
9698b39cb85f238f1346eea2dba721e4e8fb440bd4d14b632aef84108f02f47d028463a7076a9eb0333b72fab260a9357f045de63eaaa3c7374ce6a692e081ba	common_voice_sat_35213910.mp3	ᱵᱮᱠ ᱴᱷᱮᱱ ᱤᱨᱟᱹᱞᱜᱮᱞ ᱵᱟᱨ ᱴᱟᱠᱟ ᱜᱮ ᱥᱟᱨᱮᱡ ᱠᱟᱱᱟ᱾	2	0			Western Odisha, India		sat	
9698b39cb85f238f1346eea2dba721e4e8fb440bd4d14b632aef84108f02f47d028463a7076a9eb0333b72fab260a9357f045de63eaaa3c7374ce6a692e081ba	common_voice_sat_35481077.mp3	ᱩᱱᱤᱭᱟᱜ ᱧᱩᱛᱩᱢ ᱫᱚ ᱠᱤᱢᱤᱥᱦᱟ ᱠᱟᱱᱟ᱾	2	0			Western Odisha, India		sat	
9698b39cb85f238f1346eea2dba721e4e8fb440bd4d14b632aef84108f02f47d028463a7076a9eb0333b72fab260a9357f045de63eaaa3c7374ce6a692e081ba	common_voice_sat_35481082.mp3	ᱩᱱᱤᱭᱟᱜ ᱧᱩᱛᱩᱢ ᱫᱚ ᱠᱮᱭᱨᱟᱼᱞᱮᱭᱜᱷ ᱠᱟᱱᱟ᱾	2	0			Western Odisha, India		sat	
9698b39cb85f238f1346eea2dba721e4e8fb440bd4d14b632aef84108f02f47d028463a7076a9eb0333b72fab260a9357f045de63eaaa3c7374ce6a692e081ba	common_voice_sat_35481084.mp3	ᱩᱱᱤᱭᱟᱜ ᱧᱩᱛᱩᱢ ᱫᱚ ᱠᱤᱣᱮᱰᱮᱱ ᱠᱟᱱᱟ᱾	2	0			Western Odisha, India		sat	
9698b39cb85f238f1346eea2dba721e4e8fb440bd4d14b632aef84108f02f47d028463a7076a9eb0333b72fab260a9357f045de63eaaa3c7374ce6a692e081ba	common_voice_sat_36145239.mp3	ᱩᱱᱤᱭᱟᱜ ᱧᱩᱛᱩᱢ ᱫᱚ ᱠᱮᱞᱟᱹᱭᱼᱞᱚᱣᱤᱥᱮ ᱠᱟᱱᱟ᱾	2	0	twenties	male	Western Odisha, India		sat	
9698b39cb85f238f1346eea2dba721e4e8fb440bd4d14b632aef84108f02f47d028463a7076a9eb0333b72fab260a9357f045de63eaaa3c7374ce6a692e081ba	common_voice_sat_36145411.mp3	ᱩᱱᱤᱭᱟᱜ ᱧᱩᱛᱩᱢ ᱫᱚ ᱠᱮᱭᱟᱱᱰᱨᱤᱭᱟ ᱠᱟᱱᱟ᱾	2	0	twenties	male	Western Odisha, India		sat	
9698b39cb85f238f1346eea2dba721e4e8fb440bd4d14b632aef84108f02f47d028463a7076a9eb0333b72fab260a9357f045de63eaaa3c7374ce6a692e081ba	common_voice_sat_36145413.mp3	ᱩᱱᱤᱭᱟᱜ ᱧᱩᱛᱩᱢ ᱫᱚ ᱠᱮᱭᱟᱥᱚᱱ ᱠᱟᱱᱟ᱾	2	0	twenties	male	Western Odisha, India		sat	
9698b39cb85f238f1346eea2dba721e4e8fb440bd4d14b632aef84108f02f47d028463a7076a9eb0333b72fab260a9357f045de63eaaa3c7374ce6a692e081ba	common_voice_sat_36145414.mp3	ᱩᱱᱤᱭᱟᱜ ᱧᱩᱛᱩᱢ ᱫᱚ ᱠᱷᱨᱭᱥᱴᱤᱱ ᱠᱟᱱᱟ᱾	2	0	twenties	male	Western Odisha, India		sat	
9698b39cb85f238f1346eea2dba721e4e8fb440bd4d14b632aef84108f02f47d028463a7076a9eb0333b72fab260a9357f045de63eaaa3c7374ce6a692e081ba	common_voice_sat_36145647.mp3	ᱩᱱᱤᱭᱟᱜ ᱧᱩᱛᱩᱢ ᱫᱚ ᱠᱤᱨᱥᱴᱤᱣᱮᱱ ᱠᱟᱱᱟ᱾	2	0	twenties	male	Western Odisha, India		sat	
9698b39cb85f238f1346eea2dba721e4e8fb440bd4d14b632aef84108f02f47d028463a7076a9eb0333b72fab260a9357f045de63eaaa3c7374ce6a692e081ba	common_voice_sat_36145649.mp3	ᱤᱧᱟᱜ ᱠᱷᱟᱛᱟ ᱨᱮ ᱢᱤᱫᱥᱟᱭ ᱯᱩᱱᱜᱮᱞ ᱵᱟᱨ ᱴᱟᱠᱟ ᱢᱮᱱᱟᱜᱼᱟ᱾	2	0	twenties	male	Western Odisha, India		sat	
9698b39cb85f238f1346eea2dba721e4e8fb440bd4d14b632aef84108f02f47d028463a7076a9eb0333b72fab260a9357f045de63eaaa3c7374ce6a692e081ba	common_voice_sat_36205122.mp3	ᱩᱱᱤᱭᱟᱜ ᱧᱩᱛᱩᱢ ᱫᱚ ᱠᱤᱱᱭᱟ ᱠᱟᱱᱟ᱾	2	0	twenties	male	Western Odisha, India		sat	
9698b39cb85f238f1346eea2dba721e4e8fb440bd4d14b632aef84108f02f47d028463a7076a9eb0333b72fab260a9357f045de63eaaa3c7374ce6a692e081ba	common_voice_sat_36205123.mp3	ᱤᱧ ᱴᱷᱮᱱ ᱢᱤᱫᱥᱟᱭ ᱤᱨᱟᱹᱞᱜᱮᱞ ᱯᱩᱱ ᱴᱟᱠᱟ ᱢᱮᱱᱟᱜᱼᱟ᱾	2	0	twenties	male	Western Odisha, India		sat	
9698b39cb85f238f1346eea2dba721e4e8fb440bd4d14b632aef84108f02f47d028463a7076a9eb0333b72fab260a9357f045de63eaaa3c7374ce6a692e081ba	common_voice_sat_36205124.mp3	ᱤᱧ ᱥᱟᱹᱜᱩᱱ ᱫᱟᱨᱟᱢ ᱥᱮᱨᱮᱧ ᱤᱧ ᱥᱮᱨᱮᱧ ᱠᱮᱜᱼᱟ ᱾	2	0	twenties	male	Western Odisha, India		sat	
9698b39cb85f238f1346eea2dba721e4e8fb440bd4d14b632aef84108f02f47d028463a7076a9eb0333b72fab260a9357f045de63eaaa3c7374ce6a692e081ba	common_voice_sat_36205125.mp3	ᱤᱧ ᱴᱷᱮᱱ ᱢᱤᱫᱥᱟᱭ ᱟᱨᱮ ᱜᱮᱞ ᱛᱩᱨᱩᱭ ᱴᱟᱠᱟ ᱢᱮᱱᱟᱜᱼᱟ᱾	2	0	twenties	male	Western Odisha, India		sat	
9698b39cb85f238f1346eea2dba721e4e8fb440bd4d14b632aef84108f02f47d028463a7076a9eb0333b72fab260a9357f045de63eaaa3c7374ce6a692e081ba	common_voice_sat_36205126.mp3	ᱩᱱᱤᱭᱟᱜ ᱧᱩᱛᱩᱢ ᱫᱚ ᱠᱮᱭᱥᱦᱚᱱᱰᱟ ᱠᱟᱱᱟ᱾	2	0	twenties	male	Western Odisha, India		sat	
9698b39cb85f238f1346eea2dba721e4e8fb440bd4d14b632aef84108f02f47d028463a7076a9eb0333b72fab260a9357f045de63eaaa3c7374ce6a692e081ba	common_voice_sat_36205198.mp3	ᱩᱱᱤᱭᱟᱜ ᱧᱩᱛᱩᱢ ᱫᱚ ᱠᱤᱥᱦᱚᱱ ᱠᱟᱱᱟ᱾	2	0	twenties	male	Western Odisha, India		sat	
9698b39cb85f238f1346eea2dba721e4e8fb440bd4d14b632aef84108f02f47d028463a7076a9eb0333b72fab260a9357f045de63eaaa3c7374ce6a692e081ba	common_voice_sat_36205261.mp3	ᱩᱱᱤᱭᱟᱜ ᱧᱩᱛᱩᱢ ᱫᱚ ᱠᱮᱵᱨᱟ ᱠᱟᱱᱟ᱾	2	0	twenties	male	Western Odisha, India		sat	
9698b39cb85f238f1346eea2dba721e4e8fb440bd4d14b632aef84108f02f47d028463a7076a9eb0333b72fab260a9357f045de63eaaa3c7374ce6a692e081ba	common_voice_sat_36402857.mp3	ᱩᱱᱤᱭᱟᱜ ᱧᱩᱛᱩᱢ ᱫᱚ ᱠᱮᱞᱩᱢ ᱠᱟᱱᱟ᱾	2	0	twenties	male	Western Odisha, India		sat	
9698b39cb85f238f1346eea2dba721e4e8fb440bd4d14b632aef84108f02f47d028463a7076a9eb0333b72fab260a9357f045de63eaaa3c7374ce6a692e081ba	common_voice_sat_36402858.mp3	ᱤᱧᱟᱜ ᱠᱷᱟᱛᱟ ᱨᱮ ᱢᱤᱫᱥᱟᱭ ᱮᱭᱟᱭᱜᱮᱞ ᱢᱚᱬᱮ ᱴᱟᱠᱟ ᱢᱮᱱᱟᱜᱼᱟ᱾	4	0	twenties	male	Western Odisha, India		sat	
9698b39cb85f238f1346eea2dba721e4e8fb440bd4d14b632aef84108f02f47d028463a7076a9eb0333b72fab260a9357f045de63eaaa3c7374ce6a692e081ba	common_voice_sat_36402861.mp3	ᱩᱱᱤᱭᱟᱜ ᱧᱩᱛᱩᱢ ᱫᱚ ᱠᱟᱲᱩᱭᱚ ᱠᱟᱱᱟ᱾	4	0	twenties	male	Western Odisha, India		sat	
9698b39cb85f238f1346eea2dba721e4e8fb440bd4d14b632aef84108f02f47d028463a7076a9eb0333b72fab260a9357f045de63eaaa3c7374ce6a692e081ba	common_voice_sat_36402863.mp3	ᱵᱮᱠ ᱴᱷᱮᱱ ᱢᱤᱫᱥᱟᱭ ᱯᱩᱱ ᱜᱮᱞ ᱴᱟᱠᱟ ᱜᱮ ᱥᱟᱨᱮᱡ ᱠᱟᱱᱟ᱾	2	0	twenties	male	Western Odisha, India		sat	
9698b39cb85f238f1346eea2dba721e4e8fb440bd4d14b632aef84108f02f47d028463a7076a9eb0333b72fab260a9357f045de63eaaa3c7374ce6a692e081ba	common_voice_sat_36402864.mp3	ᱩᱱᱤᱭᱟᱜ ᱧᱩᱛᱩᱢ ᱫᱚ ᱠᱤᱥᱦᱟᱱᱟ ᱠᱟᱱᱟ᱾	2	0	twenties	male	Western Odisha, India		sat	
9698b39cb85f238f1346eea2dba721e4e8fb440bd4d14b632aef84108f02f47d028463a7076a9eb0333b72fab260a9357f045de63eaaa3c7374ce6a692e081ba	common_voice_sat_36921503.mp3	ᱵᱮᱠ ᱴᱷᱮᱱ ᱛᱩᱨᱩᱭᱜᱮᱞ ᱢᱤᱫ ᱴᱟᱠᱟ ᱜᱮ ᱥᱟᱨᱮᱡ ᱠᱟᱱᱟ᱾	2	0	twenties	male	Western Odisha, India		sat	
